EXPLAIN
TAG	CV
TITLE	LABEL	Cyclic Voltammetry	Test &Identifier
DATE	LABEL	3/10/2026	Date
TIME	LABEL	16:10:22	Time
NOTES	NOTES	1	&Notes...
	
PSTAT	PSTAT	REF600P-38064	Potentiostat
VINIT	POTEN	0.00000E+000	F	Initial &E (V)
VLIMIT1	POTEN	8.00000E-001	F	Scan Limit &1 (V)
VLIMIT2	POTEN	-8.00000E-001	F	Scan Limit &2 (V)
VFINAL	POTEN	0.00000E+000	F	Final &E (V)
SCANRATE	QUANT	9.99998E+001	&Scan Rate (mV/s)
STEPSIZE	QUANT	1.00000E+001	St&ep Size (mV)
CYCLES	IQUANT	4	C&ycles (#)
IMODE	SELECTOR	1	I/E Range &Mode
IRANGE	QUANT	1.00000E+001	&Max Current (mA)
AREA	QUANT	3.50000E-002	Electrode &Area (cm^2)
ELECTRODETYPE	SELECTOR	0	Electrode Type
STRIPPING	TOGGLE	F	Used for Stripping
CONDIT	TWOPARAM	F	5.00000E+000	0.00000E+000	Conditionin&g	Time(s)	E(V)
DELAY	TWOPARAM	F	5.00000E+000	0.00000E+000	Init. De&lay	Time(s)	Stab.(mV/s)
EQDELAY	QUANT	0.00000E+000	Equil. &Time (s)
IRCOMP	SELECTOR	0	IRCom&p
PFCOR	QUANT	5.00000E+001	PF Corr. (ohm)
SAMPLINGMODE	SELECTOR	1	Sampling &Mode
EOC	QUANT	0	Open Circuit (V)
PSTATMODEL	IQUANT	7	Pstat Model
PSTATSECTION	LABEL	REF600P-38064	Pstat Section
PSTATSERIALNO	LABEL	38064	Pstat Serial Number
CTRLMODE	IQUANT	1	Control Mode
ELECTROMETER	IQUANT	0	RE=0 or CS=1
IESTAB	IQUANT	2	I/E Stability
CASPEED	IQUANT	4	Control Amp Speed
CONVENTION	IQUANT	1	Current Convention
ICHRANGE	IQUANT	2	Ich Range
ICHRANGEMODE	TOGGLE	F	Ich Auto Range
ICHOFFSETENABLE	TOGGLE	F	Ich Offset Enable
ICHOFFSET	QUANT	0	Ich Offset (V)
ICHFILTER	IQUANT	2	Ich Filter
VCHRANGE	IQUANT	2	Vch Range
VCHRANGEMODE	TOGGLE	F	Vch Auto Range
VCHOFFSETENABLE	TOGGLE	F	Vch Offset Enable
VCHOFFSET	QUANT	0	Vch Offset (V)
VCHFILTER	IQUANT	2	Vch Filter
ACHRANGE	IQUANT	2	Ach Range
ACHOFFSETENABLE	TOGGLE	F	Ach Offset Enable
ACHOFFSET	QUANT	0	Ach Offset (V)
ACHFILTER	IQUANT	1	Ach Filter
IERANGELOWERLIMIT	IQUANT	1	I/E Range Lower Limit
IERANGEMODE	TOGGLE	F	I/E AutoRange
IERANGE	IQUANT	10	I/E Range
POSFEEDENABLE	TOGGLE	F	Positive Feedback IR Comp
POSFEEDRESISTANCE	QUANT	0	Positive Feedback Resistance (ohm)
ACHSELECT	IQUANT	4	Ach Select
SENSECABLEID	IQUANT	7	Sense Cable ID
PWRCABLEID	IQUANT	7	Power Cable ID
DCCALDATE	LABEL	8/6/2024	DC Calibration Date
ACCALDATE	LABEL	8/6/2024	AC Calibration Date
THERMOSELECT	IQUANT	1	Thermo Select
FRAMEWORKVERSION	LABEL	7.10.3	Framework Version
INSTRUMENTVERSION	LABEL	4.91	Instrument Version
COMMVERSION	LABEL	5.10	Communications Version
CPUPLDVERSION	LABEL	6.00	CPU PLD Version
CTRLPLDVERSION	LABEL	3.21	CTRL PLD Version
PSTATPLDVERSION	LABEL	0.00	PSTAT PLD Version
CURVE1	TABLE
	Pt	T	Vf	Im	Vu	Sig	Ach	IERange	Over	Temp
	#	s	V vs. Ref.	A	V	V	V	#	bits	deg C
	0	0.1	-4.33192E-005	-3.92563E-006	0.00000E+000	0.00000E+000	1.15589E-003	10	...........	-327.56
	1	0.2	9.99568E-003	-1.19153E-006	0.00000E+000	1.00000E-002	1.01869E-003	10	...........	-327.56
	2	0.3	1.99699E-002	-5.54862E-008	0.00000E+000	2.00000E-002	1.13969E-003	10	...........	-327.56
	3	0.4	2.99996E-002	3.76530E-007	0.00000E+000	3.00000E-002	1.02469E-003	10	...........	-327.56
	4	0.5	3.99290E-002	6.60541E-007	0.00000E+000	4.00000E-002	1.16389E-003	10	...........	-327.56
	5	0.6	4.99034E-002	1.65858E-006	0.00000E+000	5.00000E-002	1.02469E-003	10	...........	-327.56
	6	0.7	5.99988E-002	1.59458E-006	0.00000E+000	6.00000E-002	1.14789E-003	10	...........	-327.56
	7	0.8	7.00000E-002	2.36460E-006	0.00000E+000	7.00000E-002	1.02549E-003	10	...........	-327.56
	8	0.9	8.00076E-002	2.31260E-006	0.00000E+000	8.00000E-002	1.15749E-003	10	...........	-327.56
	9	1	8.99977E-002	2.63861E-006	0.00000E+000	9.00000E-002	1.02689E-003	10	...........	-327.56
	10	1.1	9.99741E-002	3.03463E-006	0.00000E+000	1.00000E-001	1.14609E-003	10	...........	-327.56
	11	1.2	1.09980E-001	3.12463E-006	0.00000E+000	1.10000E-001	1.02789E-003	10	...........	-327.56
	12	1.3	1.19989E-001	3.07063E-006	0.00000E+000	1.20000E-001	1.16189E-003	10	...........	-327.56
	13	1.4	1.29884E-001	3.28464E-006	0.00000E+000	1.30000E-001	1.02109E-003	10	...........	-327.56
	14	1.5	1.39980E-001	3.52465E-006	0.00000E+000	1.40000E-001	1.15849E-003	10	...........	-327.56
	15	1.6	1.49950E-001	3.52065E-006	0.00000E+000	1.50000E-001	1.02049E-003	10	...........	-327.56
	16	1.7	1.60001E-001	3.33464E-006	0.00000E+000	1.60000E-001	1.17169E-003	10	...........	-327.56
	17	1.8	1.69824E-001	3.87066E-006	0.00000E+000	1.70000E-001	1.01829E-003	10	...........	-327.56
	18	1.9	1.79936E-001	3.50065E-006	0.00000E+000	1.80000E-001	1.16009E-003	10	...........	-327.56
	19	2	1.89986E-001	3.85266E-006	0.00000E+000	1.90000E-001	1.01289E-003	10	...........	-327.56
	20	2.1	1.99973E-001	3.90666E-006	0.00000E+000	2.00000E-001	1.15629E-003	10	...........	-327.56
	21	2.2	2.09955E-001	3.97066E-006	0.00000E+000	2.10000E-001	1.03029E-003	10	...........	-327.56
	22	2.3	2.19948E-001	4.40868E-006	0.00000E+000	2.20000E-001	1.15809E-003	10	...........	-327.56
	23	2.4	2.29965E-001	3.92866E-006	0.00000E+000	2.30000E-001	1.02049E-003	10	...........	-327.56
	24	2.5	2.40002E-001	3.82866E-006	0.00000E+000	2.40000E-001	1.15309E-003	10	...........	-327.56
	25	2.6	2.49855E-001	3.73066E-006	0.00000E+000	2.50000E-001	1.02689E-003	10	...........	-327.56
	26	2.7	2.59993E-001	3.91466E-006	0.00000E+000	2.60000E-001	1.15389E-003	10	...........	-327.56
	27	2.8	2.69953E-001	4.05267E-006	0.00000E+000	2.70000E-001	1.02289E-003	10	...........	-327.56
	28	2.9	2.80026E-001	3.85466E-006	0.00000E+000	2.80000E-001	1.15289E-003	10	...........	-327.56
	29	3	2.89975E-001	4.27668E-006	0.00000E+000	2.90000E-001	1.02269E-003	10	...........	-327.56
	30	3.1	2.99895E-001	4.10067E-006	0.00000E+000	3.00000E-001	1.15389E-003	10	...........	-327.56
	31	3.2	3.09971E-001	4.33668E-006	0.00000E+000	3.10000E-001	1.03009E-003	10	...........	-327.56
	32	3.3	3.19992E-001	4.04867E-006	0.00000E+000	3.20000E-001	1.15069E-003	10	...........	-327.56
	33	3.4	3.29881E-001	4.50668E-006	0.00000E+000	3.30000E-001	1.02529E-003	10	...........	-327.56
	34	3.5	3.39977E-001	4.55269E-006	0.00000E+000	3.40000E-001	1.15729E-003	10	...........	-327.56
	35	3.6	3.49958E-001	4.23667E-006	0.00000E+000	3.50000E-001	1.02329E-003	10	...........	-327.56
	36	3.7	3.60009E-001	4.33668E-006	0.00000E+000	3.60000E-001	1.16149E-003	10	...........	-327.56
	37	3.8	3.69986E-001	4.55069E-006	0.00000E+000	3.70000E-001	1.01749E-003	10	...........	-327.56
	38	3.9	3.79934E-001	4.78669E-006	0.00000E+000	3.80000E-001	1.16069E-003	10	...........	-327.56
	39	4	3.89997E-001	5.37272E-006	0.00000E+000	3.90000E-001	1.01769E-003	10	...........	-327.56
	40	4.1	3.99988E-001	5.10871E-006	0.00000E+000	4.00000E-001	1.15189E-003	10	...........	-327.56
	41	4.2	4.09902E-001	5.06870E-006	0.00000E+000	4.10000E-001	1.02249E-003	10	...........	-327.56
	42	4.3	4.19973E-001	5.75273E-006	0.00000E+000	4.20000E-001	1.15649E-003	10	...........	-327.56
	43	4.4	4.30023E-001	5.97674E-006	0.00000E+000	4.30000E-001	1.01809E-003	10	...........	-327.56
	44	4.5	4.39984E-001	6.09074E-006	0.00000E+000	4.40000E-001	1.15309E-003	10	...........	-327.56
	45	4.6	4.49887E-001	6.07274E-006	0.00000E+000	4.50000E-001	1.02709E-003	10	...........	-327.56
	46	4.7	4.59922E-001	6.23675E-006	0.00000E+000	4.60000E-001	1.15229E-003	10	...........	-327.56
	47	4.8	4.70034E-001	7.28679E-006	0.00000E+000	4.70000E-001	1.02749E-003	10	...........	-327.56
	48	4.9	4.80024E-001	7.58480E-006	0.00000E+000	4.80000E-001	1.15489E-003	10	...........	-327.56
	49	5	4.90023E-001	7.86081E-006	0.00000E+000	4.90000E-001	1.01669E-003	10	...........	-327.56
	50	5.1	5.00001E-001	8.26482E-006	0.00000E+000	5.00000E-001	1.14789E-003	10	...........	-327.56
	51	5.2	5.10092E-001	8.40283E-006	0.00000E+000	5.10000E-001	1.03189E-003	10	...........	-327.56
	52	5.3	5.19983E-001	8.53083E-006	0.00000E+000	5.20000E-001	1.15749E-003	10	...........	-327.56
	53	5.4	5.29994E-001	9.52687E-006	0.00000E+000	5.30000E-001	1.02489E-003	10	...........	-327.56
	54	5.5	5.39961E-001	9.85488E-006	0.00000E+000	5.40000E-001	1.15269E-003	10	...........	-327.56
	55	5.6	5.49986E-001	1.02289E-005	0.00000E+000	5.50000E-001	1.01989E-003	10	...........	-327.56
	56	5.7	5.59969E-001	1.06129E-005	0.00000E+000	5.60000E-001	1.15329E-003	10	...........	-327.56
	57	5.8	5.70041E-001	1.10529E-005	0.00000E+000	5.70000E-001	1.01749E-003	10	...........	-327.56
	58	5.9	5.79990E-001	1.10429E-005	0.00000E+000	5.80000E-001	1.14969E-003	10	...........	-327.56
	59	6	5.90023E-001	1.16550E-005	0.00000E+000	5.90000E-001	1.00949E-003	10	...........	-327.56
	60	6.1	5.99977E-001	1.22250E-005	0.00000E+000	6.00000E-001	1.15049E-003	10	...........	-327.56
	61	6.2	6.10009E-001	1.30690E-005	0.00000E+000	6.10000E-001	1.02609E-003	10	...........	-327.56
	62	6.3	6.19966E-001	1.42710E-005	0.00000E+000	6.20000E-001	1.16089E-003	10	...........	-327.56
	63	6.4	6.30122E-001	1.44931E-005	0.00000E+000	6.30000E-001	1.02829E-003	10	...........	-327.56
	64	6.5	6.39982E-001	1.61091E-005	0.00000E+000	6.40000E-001	1.15369E-003	10	...........	-327.56
	65	6.6	6.49974E-001	1.64311E-005	0.00000E+000	6.50000E-001	1.02689E-003	10	...........	-327.56
	66	6.7	6.59878E-001	1.72372E-005	0.00000E+000	6.60000E-001	1.14469E-003	10	...........	-327.56
	67	6.8	6.69970E-001	1.78632E-005	0.00000E+000	6.70000E-001	1.02109E-003	10	...........	-327.56
	68	6.9	6.79867E-001	1.86452E-005	0.00000E+000	6.80000E-001	1.15629E-003	10	...........	-327.56
	69	7	6.89888E-001	1.97413E-005	0.00000E+000	6.90000E-001	1.02369E-003	10	...........	-327.56
	70	7.1	6.99984E-001	2.04853E-005	0.00000E+000	7.00000E-001	1.15309E-003	10	...........	-327.56
	71	7.2	7.09950E-001	2.12673E-005	0.00000E+000	7.10000E-001	1.03289E-003	10	...........	-327.56
	72	7.3	7.19952E-001	2.24234E-005	0.00000E+000	7.20000E-001	1.15009E-003	10	...........	-327.56
	73	7.4	7.30041E-001	2.31474E-005	0.00000E+000	7.30000E-001	1.02249E-003	10	...........	-327.56
	74	7.5	7.39960E-001	2.42914E-005	0.00000E+000	7.40000E-001	1.15089E-003	10	...........	-327.56
	75	7.6	7.49986E-001	2.53435E-005	0.00000E+000	7.50000E-001	1.02709E-003	10	...........	-327.56
	76	7.7	7.60001E-001	2.61555E-005	0.00000E+000	7.60000E-001	1.15589E-003	10	...........	-327.56
	77	7.8	7.70011E-001	2.73075E-005	0.00000E+000	7.70000E-001	1.01609E-003	10	...........	-327.56
	78	7.9	7.80004E-001	2.84256E-005	0.00000E+000	7.80000E-001	1.16329E-003	10	...........	-327.56
	79	8	7.89971E-001	2.95156E-005	0.00000E+000	7.90000E-001	1.02709E-003	10	...........	-327.56
	80	8.1	7.99981E-001	3.01716E-005	0.00000E+000	8.00000E-001	1.15209E-003	10	...........	-327.56
	81	8.2	7.90046E-001	2.44714E-005	0.00000E+000	7.90000E-001	1.02569E-003	10	...........	-327.56
	82	8.3	7.79978E-001	2.04733E-005	0.00000E+000	7.80000E-001	1.14629E-003	10	...........	-327.56
	83	8.4	7.69915E-001	1.77752E-005	0.00000E+000	7.70000E-001	1.02649E-003	10	...........	-327.56
	84	8.5	7.59929E-001	1.49991E-005	0.00000E+000	7.60000E-001	1.15829E-003	10	...........	-327.56
	85	8.6	7.49971E-001	1.28570E-005	0.00000E+000	7.50000E-001	1.01849E-003	10	...........	-327.56
	86	8.7	7.39957E-001	1.10689E-005	0.00000E+000	7.40000E-001	1.15309E-003	10	...........	-327.56
	87	8.8	7.30269E-001	1.03009E-005	0.00000E+000	7.30000E-001	1.00329E-003	10	...........	-327.56
	88	8.9	7.19978E-001	9.35487E-006	0.00000E+000	7.20000E-001	1.15309E-003	10	...........	-327.56
	89	9	7.10191E-001	8.68884E-006	0.00000E+000	7.10000E-001	1.01289E-003	10	...........	-327.56
	90	9.1	6.99975E-001	7.58680E-006	0.00000E+000	7.00000E-001	1.15309E-003	10	...........	-327.56
	91	9.2	6.89982E-001	7.13278E-006	0.00000E+000	6.90000E-001	1.01369E-003	10	...........	-327.56
	92	9.3	6.79900E-001	6.30875E-006	0.00000E+000	6.80000E-001	1.15409E-003	10	...........	-327.56
	93	9.4	6.69991E-001	5.55472E-006	0.00000E+000	6.70000E-001	1.01849E-003	10	...........	-327.56
	94	9.5	6.59928E-001	5.03470E-006	0.00000E+000	6.60000E-001	1.14789E-003	10	...........	-327.56
	95	9.6	6.49953E-001	5.02070E-006	0.00000E+000	6.50000E-001	1.01909E-003	10	...........	-327.56
	96	9.7	6.39993E-001	4.66469E-006	0.00000E+000	6.40000E-001	1.16249E-003	10	...........	-327.56
	97	9.8	6.29954E-001	4.46668E-006	0.00000E+000	6.30000E-001	1.02069E-003	10	...........	-327.56
	98	9.9	6.19953E-001	4.41868E-006	0.00000E+000	6.20000E-001	1.16249E-003	10	...........	-327.56
	99	10	6.09847E-001	4.39868E-006	0.00000E+000	6.10000E-001	1.01489E-003	10	...........	-327.56
	100	10.1	5.99962E-001	3.83866E-006	0.00000E+000	6.00000E-001	1.16009E-003	10	...........	-327.56
	101	10.2	5.89947E-001	3.89666E-006	0.00000E+000	5.90000E-001	1.02449E-003	10	...........	-327.56
	102	10.3	5.79853E-001	3.77866E-006	0.00000E+000	5.80000E-001	1.15249E-003	10	...........	-327.56
	103	10.4	5.69926E-001	3.65265E-006	0.00000E+000	5.70000E-001	1.01889E-003	10	...........	-327.56
	104	10.5	5.59950E-001	3.48465E-006	0.00000E+000	5.60000E-001	1.15909E-003	10	...........	-327.56
	105	10.6	5.49970E-001	3.39664E-006	0.00000E+000	5.50000E-001	1.01469E-003	10	...........	-327.56
	106	10.7	5.39892E-001	3.53665E-006	0.00000E+000	5.40000E-001	1.15609E-003	10	...........	-327.56
	107	10.8	5.29799E-001	2.91862E-006	0.00000E+000	5.30000E-001	1.01889E-003	10	...........	-327.56
	108	10.9	5.19959E-001	2.92663E-006	0.00000E+000	5.20000E-001	1.15789E-003	10	...........	-327.56
	109	11	5.09950E-001	2.69062E-006	0.00000E+000	5.10000E-001	1.02269E-003	10	...........	-327.56
	110	11.1	4.99792E-001	2.80262E-006	0.00000E+000	5.00000E-001	1.15649E-003	10	...........	-327.56
	111	11.2	4.89892E-001	2.50261E-006	0.00000E+000	4.90000E-001	1.01209E-003	10	...........	-327.56
	112	11.3	4.80000E-001	2.22060E-006	0.00000E+000	4.80000E-001	1.16309E-003	10	...........	-327.56
	113	11.4	4.69977E-001	2.30460E-006	0.00000E+000	4.70000E-001	1.02129E-003	10	...........	-327.56
	114	11.5	4.59907E-001	1.89459E-006	0.00000E+000	4.60000E-001	1.15709E-003	10	...........	-327.56
	115	11.6	4.49852E-001	2.03059E-006	0.00000E+000	4.50000E-001	1.01769E-003	10	...........	-327.56
	116	11.7	4.39962E-001	1.76658E-006	0.00000E+000	4.40000E-001	1.15149E-003	10	...........	-327.56
	117	11.8	4.29968E-001	2.28860E-006	0.00000E+000	4.30000E-001	1.02069E-003	10	...........	-327.56
	118	11.9	4.19970E-001	1.60058E-006	0.00000E+000	4.20000E-001	1.15109E-003	10	...........	-327.56
	119	12	4.09892E-001	1.72658E-006	0.00000E+000	4.10000E-001	1.02469E-003	10	...........	-327.56
	120	12.1	3.99956E-001	1.53257E-006	0.00000E+000	4.00000E-001	1.15869E-003	10	...........	-327.56
	121	12.2	3.89987E-001	1.84458E-006	0.00000E+000	3.90000E-001	1.01769E-003	10	...........	-327.56
	122	12.3	3.79935E-001	1.52457E-006	0.00000E+000	3.80000E-001	1.15829E-003	10	...........	-327.56
	123	12.4	3.69984E-001	1.50057E-006	0.00000E+000	3.70000E-001	1.02689E-003	10	...........	-327.56
	124	12.5	3.60007E-001	1.03655E-006	0.00000E+000	3.60000E-001	1.15349E-003	10	...........	-327.56
	125	12.6	3.49979E-001	1.20456E-006	0.00000E+000	3.50000E-001	1.02769E-003	10	...........	-327.56
	126	12.7	3.39975E-001	9.72552E-007	0.00000E+000	3.40000E-001	1.15469E-003	10	...........	-327.56
	127	12.8	3.29900E-001	9.28551E-007	0.00000E+000	3.30000E-001	1.02749E-003	10	...........	-327.56
	128	12.9	3.20002E-001	4.04531E-007	0.00000E+000	3.20000E-001	1.15769E-003	10	...........	-327.56
	129	13	3.10032E-001	5.02535E-007	0.00000E+000	3.10000E-001	1.03389E-003	10	...........	-327.56
	130	13.1	2.99945E-001	2.40525E-007	0.00000E+000	3.00000E-001	1.15529E-003	10	...........	-327.56
	131	13.2	2.89993E-001	4.28532E-007	0.00000E+000	2.90000E-001	1.01989E-003	10	...........	-327.56
	132	13.3	2.80027E-001	1.78523E-007	0.00000E+000	2.80000E-001	1.16469E-003	10	...........	-327.56
	133	13.4	2.69967E-001	3.50529E-007	0.00000E+000	2.70000E-001	1.00649E-003	10	...........	-327.56
	134	13.5	2.59982E-001	2.74526E-007	0.00000E+000	2.60000E-001	1.15949E-003	10	...........	-327.56
	135	13.6	2.49895E-001	-2.34850E-008	0.00000E+000	2.50000E-001	1.02309E-003	10	...........	-327.56
	136	13.7	2.40008E-001	-2.07492E-007	0.00000E+000	2.40000E-001	1.15749E-003	10	...........	-327.56
	137	13.8	2.30080E-001	3.28528E-007	0.00000E+000	2.30000E-001	1.02569E-003	10	...........	-327.56
	138	13.9	2.19914E-001	5.62537E-007	0.00000E+000	2.20000E-001	1.15289E-003	10	...........	-327.56
	139	14	2.09993E-001	-1.73491E-007	0.00000E+000	2.10000E-001	1.01989E-003	10	...........	-327.56
	140	14.1	1.99999E-001	-6.81510E-007	0.00000E+000	2.00000E-001	1.15929E-003	10	...........	-327.56
	141	14.2	1.89992E-001	-7.29511E-007	0.00000E+000	1.90000E-001	1.02889E-003	10	...........	-327.56
	142	14.3	1.79960E-001	-1.06352E-006	0.00000E+000	1.80000E-001	1.15489E-003	10	...........	-327.56
	143	14.4	1.69890E-001	-1.10153E-006	0.00000E+000	1.70000E-001	1.03209E-003	10	...........	-327.56
	144	14.5	1.59993E-001	-1.52754E-006	0.00000E+000	1.60000E-001	1.16169E-003	10	...........	-327.56
	145	14.6	1.50016E-001	-1.44554E-006	0.00000E+000	1.50000E-001	1.01429E-003	10	...........	-327.56
	146	14.7	1.39989E-001	-1.96156E-006	0.00000E+000	1.40000E-001	1.15469E-003	10	...........	-327.56
	147	14.8	1.29994E-001	-2.47958E-006	0.00000E+000	1.30000E-001	1.02089E-003	10	...........	-327.56
	148	14.9	1.20042E-001	-3.40161E-006	0.00000E+000	1.20000E-001	1.15849E-003	10	...........	-327.56
	149	15	1.09998E-001	-2.96559E-006	0.00000E+000	1.10000E-001	1.02409E-003	10	...........	-327.56
	150	15.1	9.99525E-002	-4.16164E-006	0.00000E+000	1.00000E-001	1.15069E-003	10	...........	-327.56
	151	15.2	9.02793E-002	-4.34165E-006	0.00000E+000	9.00000E-002	1.02409E-003	10	...........	-327.56
	152	15.3	8.00095E-002	-4.79366E-006	0.00000E+000	8.00000E-002	1.15849E-003	10	...........	-327.56
	153	15.4	7.01296E-002	-5.30768E-006	0.00000E+000	7.00000E-002	1.00889E-003	10	...........	-327.56
	154	15.5	6.00185E-002	-6.23572E-006	0.00000E+000	6.00000E-002	1.15209E-003	10	...........	-327.56
	155	15.6	5.00743E-002	-6.29372E-006	0.00000E+000	5.00000E-002	1.01789E-003	10	...........	-327.56
	156	15.7	3.99845E-002	-7.12975E-006	0.00000E+000	4.00000E-002	1.14209E-003	10	...........	-327.56
	157	15.8	3.00384E-002	-8.24979E-006	0.00000E+000	3.00000E-002	1.03009E-003	10	...........	-327.56
	158	15.9	1.99430E-002	-8.62581E-006	0.00000E+000	2.00000E-002	1.15189E-003	10	...........	-327.56
	159	16	9.99518E-003	-9.30983E-006	0.00000E+000	1.00000E-002	1.02629E-003	10	...........	-327.56
	160	16.1	-6.06192E-005	-1.02139E-005	0.00000E+000	0.00000E+000	1.15849E-003	10	...........	-327.56
	161	16.2	-1.00275E-002	-1.03559E-005	0.00000E+000	-1.00000E-002	1.03329E-003	10	...........	-327.56
	162	16.3	-2.00814E-002	-1.11199E-005	0.00000E+000	-2.00000E-002	1.16169E-003	10	...........	-327.56
	163	16.4	-3.01316E-002	-1.18779E-005	0.00000E+000	-3.00000E-002	1.02429E-003	10	...........	-327.56
	164	16.5	-4.00466E-002	-1.23859E-005	0.00000E+000	-4.00000E-002	1.15129E-003	10	...........	-327.56
	165	16.6	-5.00253E-002	-1.29200E-005	0.00000E+000	-5.00000E-002	1.02069E-003	10	...........	-327.56
	166	16.7	-6.01501E-002	-1.37060E-005	0.00000E+000	-6.00000E-002	1.16209E-003	10	...........	-327.56
	167	16.8	-7.00687E-002	-1.39880E-005	0.00000E+000	-7.00000E-002	1.02029E-003	10	...........	-327.56
	168	16.9	-8.00686E-002	-1.48200E-005	0.00000E+000	-8.00000E-002	1.15509E-003	10	...........	-327.56
	169	17	-8.99867E-002	-1.55481E-005	0.00000E+000	-9.00000E-002	1.03109E-003	10	...........	-327.56
	170	17.1	-1.00082E-001	-1.63501E-005	0.00000E+000	-1.00000E-001	1.16429E-003	10	...........	-327.56
	171	17.2	-1.10012E-001	-1.76241E-005	0.00000E+000	-1.10000E-001	1.02189E-003	10	...........	-327.56
	172	17.3	-1.20022E-001	-1.86422E-005	0.00000E+000	-1.20000E-001	1.16449E-003	10	...........	-327.56
	173	17.4	-1.29962E-001	-1.92242E-005	0.00000E+000	-1.30000E-001	1.03509E-003	10	...........	-327.56
	174	17.5	-1.39987E-001	-1.98682E-005	0.00000E+000	-1.40000E-001	1.15389E-003	10	...........	-327.56
	175	17.6	-1.49960E-001	-2.07163E-005	0.00000E+000	-1.50000E-001	1.02949E-003	10	...........	-327.56
	176	17.7	-1.60020E-001	-2.16343E-005	0.00000E+000	-1.60000E-001	1.16349E-003	10	...........	-327.56
	177	17.8	-1.70010E-001	-2.23883E-005	0.00000E+000	-1.70000E-001	1.02269E-003	10	...........	-327.56
	178	17.9	-1.80054E-001	-2.29803E-005	0.00000E+000	-1.80000E-001	1.16049E-003	10	...........	-327.56
	179	18	-1.90026E-001	-2.35664E-005	0.00000E+000	-1.90000E-001	1.02169E-003	10	...........	-327.56
	180	18.1	-2.00030E-001	-2.41804E-005	0.00000E+000	-2.00000E-001	1.16489E-003	10	...........	-327.56
	181	18.2	-2.09952E-001	-2.32304E-005	0.00000E+000	-2.10000E-001	1.02309E-003	10	...........	-327.56
	182	18.3	-2.20020E-001	-2.25963E-005	0.00000E+000	-2.20000E-001	1.15769E-003	10	...........	-327.56
	183	18.4	-2.29985E-001	-2.27283E-005	0.00000E+000	-2.30000E-001	1.01809E-003	10	...........	-327.56
	184	18.5	-2.40070E-001	-2.33164E-005	0.00000E+000	-2.40000E-001	1.15489E-003	10	...........	-327.56
	185	18.6	-2.50003E-001	-2.36204E-005	0.00000E+000	-2.50000E-001	1.02949E-003	10	...........	-327.56
	186	18.7	-2.60086E-001	-2.38264E-005	0.00000E+000	-2.60000E-001	1.16589E-003	10	...........	-327.56
	187	18.8	-2.70027E-001	-2.40844E-005	0.00000E+000	-2.70000E-001	1.03069E-003	10	...........	-327.56
	188	18.9	-2.80062E-001	-2.47564E-005	0.00000E+000	-2.80000E-001	1.16169E-003	10	...........	-327.56
	189	19	-2.90026E-001	-2.49404E-005	0.00000E+000	-2.90000E-001	1.02669E-003	10	...........	-327.56
	190	19.1	-3.00052E-001	-2.58865E-005	0.00000E+000	-3.00000E-001	1.15909E-003	10	...........	-327.56
	191	19.2	-3.10096E-001	-2.59264E-005	0.00000E+000	-3.10000E-001	1.02629E-003	10	...........	-327.56
	192	19.3	-3.20021E-001	-2.66965E-005	0.00000E+000	-3.20000E-001	1.17069E-003	10	...........	-327.56
	193	19.4	-3.30026E-001	-2.68065E-005	0.00000E+000	-3.30000E-001	1.03229E-003	10	...........	-327.56
	194	19.5	-3.40160E-001	-2.77345E-005	0.00000E+000	-3.40000E-001	1.15869E-003	10	...........	-327.56
	195	19.6	-3.50032E-001	-2.77945E-005	0.00000E+000	-3.50000E-001	1.02949E-003	10	...........	-327.56
	196	19.7	-3.60060E-001	-2.87426E-005	0.00000E+000	-3.60000E-001	1.16149E-003	10	...........	-327.56
	197	19.8	-3.70109E-001	-2.82585E-005	0.00000E+000	-3.70000E-001	1.03529E-003	10	...........	-327.56
	198	19.9	-3.80048E-001	-2.91106E-005	0.00000E+000	-3.80000E-001	1.15889E-003	10	...........	-327.56
	199	20	-3.90188E-001	-3.03306E-005	0.00000E+000	-3.90000E-001	1.02689E-003	10	...........	-327.56
	200	20.1	-4.00016E-001	-3.06666E-005	0.00000E+000	-4.00000E-001	1.15749E-003	10	...........	-327.56
	201	20.2	-4.10031E-001	-3.08366E-005	0.00000E+000	-4.10000E-001	1.02829E-003	10	...........	-327.56
	202	20.3	-4.20007E-001	-3.11986E-005	0.00000E+000	-4.20000E-001	1.16369E-003	10	...........	-327.56
	203	20.4	-4.30046E-001	-3.15747E-005	0.00000E+000	-4.30000E-001	1.03349E-003	10	...........	-327.56
	204	20.5	-4.40029E-001	-3.16807E-005	0.00000E+000	-4.40000E-001	1.16849E-003	10	...........	-327.56
	205	20.6	-4.49933E-001	-3.18467E-005	0.00000E+000	-4.50000E-001	1.02509E-003	10	...........	-327.56
	206	20.7	-4.60044E-001	-3.23047E-005	0.00000E+000	-4.60000E-001	1.16329E-003	10	...........	-327.56
	207	20.8	-4.70079E-001	-3.25407E-005	0.00000E+000	-4.70000E-001	1.02549E-003	10	...........	-327.56
	208	20.9	-4.80020E-001	-3.31387E-005	0.00000E+000	-4.80000E-001	1.15549E-003	10	...........	-327.56
	209	21	-4.90035E-001	-3.33127E-005	0.00000E+000	-4.90000E-001	1.02469E-003	10	...........	-327.56
	210	21.1	-4.99993E-001	-3.38027E-005	0.00000E+000	-5.00000E-001	1.16649E-003	10	...........	-327.56
	211	21.2	-5.10047E-001	-3.41168E-005	0.00000E+000	-5.10000E-001	1.02569E-003	10	...........	-327.56
	212	21.3	-5.19967E-001	-3.49128E-005	0.00000E+000	-5.20000E-001	1.15989E-003	10	...........	-327.56
	213	21.4	-5.29991E-001	-3.53868E-005	0.00000E+000	-5.30000E-001	1.02889E-003	10	...........	-327.56
	214	21.5	-5.39951E-001	-3.61028E-005	0.00000E+000	-5.40000E-001	1.15949E-003	10	...........	-327.56
	215	21.6	-5.49909E-001	-3.67909E-005	0.00000E+000	-5.50000E-001	1.02489E-003	10	...........	-327.56
	216	21.7	-5.59991E-001	-3.78829E-005	0.00000E+000	-5.60000E-001	1.15529E-003	10	...........	-327.56
	217	21.8	-5.69988E-001	-3.85189E-005	0.00000E+000	-5.70000E-001	1.03429E-003	10	...........	-327.56
	218	21.9	-5.79955E-001	-3.89849E-005	0.00000E+000	-5.80000E-001	1.16369E-003	10	...........	-327.56
	219	22	-5.90035E-001	-4.04490E-005	0.00000E+000	-5.90000E-001	1.02589E-003	10	...........	-327.56
	220	22.1	-6.00164E-001	-4.12030E-005	0.00000E+000	-6.00000E-001	1.16489E-003	10	...........	-327.56
	221	22.2	-6.10017E-001	-4.22371E-005	0.00000E+000	-6.10000E-001	1.03789E-003	10	...........	-327.56
	222	22.3	-6.20100E-001	-4.35611E-005	0.00000E+000	-6.20000E-001	1.15869E-003	10	...........	-327.56
	223	22.4	-6.30016E-001	-4.47332E-005	0.00000E+000	-6.30000E-001	1.03189E-003	10	...........	-327.56
	224	22.5	-6.40013E-001	-4.68772E-005	0.00000E+000	-6.40000E-001	1.16989E-003	10	...........	-327.56
	225	22.6	-6.50008E-001	-4.82173E-005	0.00000E+000	-6.50000E-001	1.03629E-003	10	...........	-327.56
	226	22.7	-6.60023E-001	-5.08074E-005	0.00000E+000	-6.60000E-001	1.15849E-003	10	...........	-327.56
	227	22.8	-6.69989E-001	-5.33075E-005	0.00000E+000	-6.70000E-001	1.02769E-003	10	...........	-327.56
	228	22.9	-6.80016E-001	-5.65996E-005	0.00000E+000	-6.80000E-001	1.16269E-003	10	...........	-327.56
	229	23	-6.90043E-001	-5.93097E-005	0.00000E+000	-6.90000E-001	1.02709E-003	10	...........	-327.56
	230	23.1	-7.00099E-001	-6.29798E-005	0.00000E+000	-7.00000E-001	1.15989E-003	10	...........	-327.56
	231	23.2	-7.10041E-001	-6.46739E-005	0.00000E+000	-7.10000E-001	1.03449E-003	10	...........	-327.56
	232	23.3	-7.19992E-001	-6.75420E-005	0.00000E+000	-7.20000E-001	1.17429E-003	10	...........	-327.56
	233	23.4	-7.29938E-001	-7.19282E-005	0.00000E+000	-7.30000E-001	1.03869E-003	10	...........	-327.56
	234	23.5	-7.40037E-001	-7.47923E-005	0.00000E+000	-7.40000E-001	1.15029E-003	10	...........	-327.56
	235	23.6	-7.50050E-001	-7.97105E-005	0.00000E+000	-7.50000E-001	1.03389E-003	10	...........	-327.56
	236	23.7	-7.60004E-001	-8.57827E-005	0.00000E+000	-7.60000E-001	1.15829E-003	10	...........	-327.56
	237	23.8	-7.70002E-001	-8.88168E-005	0.00000E+000	-7.70000E-001	1.01989E-003	10	...........	-327.56
	238	23.9	-7.80197E-001	-9.44430E-005	0.00000E+000	-7.80000E-001	1.15909E-003	10	...........	-327.56
	239	24	-7.90024E-001	-9.83292E-005	0.00000E+000	-7.90000E-001	1.02589E-003	10	...........	-327.56
	240	24.1	-8.00005E-001	-1.02933E-004	0.00000E+000	-8.00000E-001	1.15749E-003	10	...........	-327.56
CURVE2	TABLE
	Pt	T	Vf	Im	Vu	Sig	Ach	IERange	Over	Temp
	#	s	V vs. Ref.	A	V	V	V	#	bits	deg C
	241	24.2	-7.90070E-001	-9.57451E-005	0.00000E+000	-7.90000E-001	1.03349E-003	10	...........	-327.56
	242	24.3	-7.80087E-001	-8.81948E-005	0.00000E+000	-7.80000E-001	1.16749E-003	10	...........	-327.56
	243	24.4	-7.69989E-001	-8.05505E-005	0.00000E+000	-7.70000E-001	1.02409E-003	10	...........	-327.56
	244	24.5	-7.60007E-001	-7.52583E-005	0.00000E+000	-7.60000E-001	1.15269E-003	10	...........	-327.56
	245	24.6	-7.49982E-001	-6.93881E-005	0.00000E+000	-7.50000E-001	1.02829E-003	10	...........	-327.56
	246	24.7	-7.40014E-001	-6.44139E-005	0.00000E+000	-7.40000E-001	1.15669E-003	10	...........	-327.56
	247	24.8	-7.29981E-001	-5.97277E-005	0.00000E+000	-7.30000E-001	1.03029E-003	10	...........	-327.56
	248	24.9	-7.20006E-001	-5.50315E-005	0.00000E+000	-7.20000E-001	1.15629E-003	10	...........	-327.56
	249	25	-7.10032E-001	-5.07054E-005	0.00000E+000	-7.10000E-001	1.02649E-003	10	...........	-327.56
	250	25.1	-7.00135E-001	-4.64252E-005	0.00000E+000	-7.00000E-001	1.15889E-003	10	...........	-327.56
	251	25.2	-6.90027E-001	-4.26871E-005	0.00000E+000	-6.90000E-001	1.02849E-003	10	...........	-327.56
	252	25.3	-6.80006E-001	-4.04350E-005	0.00000E+000	-6.80000E-001	1.16409E-003	10	...........	-327.56
	253	25.4	-6.70062E-001	-3.67149E-005	0.00000E+000	-6.70000E-001	1.03309E-003	10	...........	-327.56
	254	25.5	-6.60004E-001	-3.44228E-005	0.00000E+000	-6.60000E-001	1.15069E-003	10	...........	-327.56
	255	25.6	-6.50026E-001	-3.26127E-005	0.00000E+000	-6.50000E-001	9.81889E-004	10	...........	-327.56
	256	25.7	-6.40043E-001	-3.15067E-005	0.00000E+000	-6.40000E-001	8.28889E-004	10	...........	-327.56
	257	25.8	-6.30022E-001	-2.93246E-005	0.00000E+000	-6.30000E-001	8.46489E-004	10	...........	-327.56
	258	25.9	-6.20118E-001	-2.71665E-005	0.00000E+000	-6.20000E-001	8.30489E-004	10	...........	-327.56
	259	26	-6.10002E-001	-2.52624E-005	0.00000E+000	-6.10000E-001	8.40689E-004	10	...........	-327.56
	260	26.1	-6.00108E-001	-2.36864E-005	0.00000E+000	-6.00000E-001	8.43089E-004	10	...........	-327.56
	261	26.2	-5.89927E-001	-2.23983E-005	0.00000E+000	-5.90000E-001	8.33489E-004	10	...........	-327.56
	262	26.3	-5.80018E-001	-2.16343E-005	0.00000E+000	-5.80000E-001	8.35289E-004	10	...........	-327.56
	263	26.4	-5.69794E-001	-2.09563E-005	0.00000E+000	-5.70000E-001	8.40689E-004	10	...........	-327.56
	264	26.5	-5.60030E-001	-2.02202E-005	0.00000E+000	-5.60000E-001	8.36489E-004	10	...........	-327.56
	265	26.6	-5.49704E-001	-1.98282E-005	0.00000E+000	-5.50000E-001	8.35289E-004	10	...........	-327.56
	266	26.7	-5.40024E-001	-1.92362E-005	0.00000E+000	-5.40000E-001	8.36489E-004	10	...........	-327.56
	267	26.8	-5.29996E-001	-1.81402E-005	0.00000E+000	-5.30000E-001	8.34689E-004	10	...........	-327.56
	268	26.9	-5.20062E-001	-1.78641E-005	0.00000E+000	-5.20000E-001	8.42889E-004	10	...........	-327.56
	269	27	-5.10011E-001	-1.72581E-005	0.00000E+000	-5.10000E-001	8.42889E-004	10	...........	-327.56
	270	27.1	-5.00005E-001	-1.64761E-005	0.00000E+000	-5.00000E-001	8.33289E-004	10	...........	-327.56
	271	27.2	-4.89981E-001	-1.60801E-005	0.00000E+000	-4.90000E-001	8.43089E-004	10	...........	-327.56
	272	27.3	-4.80035E-001	-1.56261E-005	0.00000E+000	-4.80000E-001	8.32489E-004	10	...........	-327.56
	273	27.4	-4.70095E-001	-1.49300E-005	0.00000E+000	-4.70000E-001	8.41289E-004	10	...........	-327.56
	274	27.5	-4.60093E-001	-1.46860E-005	0.00000E+000	-4.60000E-001	8.38889E-004	10	...........	-327.56
	275	27.6	-4.49969E-001	-1.39540E-005	0.00000E+000	-4.50000E-001	8.41089E-004	10	...........	-327.56
	276	27.7	-4.40099E-001	-1.38080E-005	0.00000E+000	-4.40000E-001	8.39689E-004	10	...........	-327.56
	277	27.8	-4.30055E-001	-1.33060E-005	0.00000E+000	-4.30000E-001	8.41489E-004	10	...........	-327.56
	278	27.9	-4.19907E-001	-1.25019E-005	0.00000E+000	-4.20000E-001	8.36689E-004	10	...........	-327.56
	279	28	-4.10033E-001	-1.23559E-005	0.00000E+000	-4.10000E-001	8.33689E-004	10	...........	-327.56
	280	28.1	-4.00037E-001	-1.25560E-005	0.00000E+000	-4.00000E-001	8.44689E-004	10	...........	-327.56
	281	28.2	-3.90173E-001	-1.19719E-005	0.00000E+000	-3.90000E-001	8.35089E-004	10	...........	-327.56
	282	28.3	-3.80058E-001	-1.15859E-005	0.00000E+000	-3.80000E-001	8.42489E-004	10	...........	-327.56
	283	28.4	-3.70027E-001	-1.11039E-005	0.00000E+000	-3.70000E-001	8.47689E-004	10	...........	-327.56
	284	28.5	-3.60094E-001	-1.06079E-005	0.00000E+000	-3.60000E-001	8.37289E-004	10	...........	-327.56
	285	28.6	-3.50034E-001	-1.01539E-005	0.00000E+000	-3.50000E-001	8.38689E-004	10	...........	-327.56
	286	28.7	-3.39993E-001	-9.67985E-006	0.00000E+000	-3.40000E-001	8.29089E-004	10	...........	-327.56
	287	28.8	-3.30011E-001	-9.02182E-006	0.00000E+000	-3.30000E-001	8.43689E-004	10	...........	-327.56
	288	28.9	-3.20020E-001	-8.96982E-006	0.00000E+000	-3.20000E-001	8.43489E-004	10	...........	-327.56
	289	29	-3.10061E-001	-8.28779E-006	0.00000E+000	-3.10000E-001	8.37889E-004	10	...........	-327.56
	290	29.1	-3.00033E-001	-7.76777E-006	0.00000E+000	-3.00000E-001	8.39489E-004	10	...........	-327.56
	291	29.2	-2.90031E-001	-7.35376E-006	0.00000E+000	-2.90000E-001	8.33089E-004	10	...........	-327.56
	292	29.3	-2.80053E-001	-6.36972E-006	0.00000E+000	-2.80000E-001	8.37489E-004	10	...........	-327.56
	293	29.4	-2.70028E-001	-5.98371E-006	0.00000E+000	-2.70000E-001	8.36089E-004	10	...........	-327.56
	294	29.5	-2.60050E-001	-4.46365E-006	0.00000E+000	-2.60000E-001	8.33489E-004	10	...........	-327.56
	295	29.6	-2.50024E-001	-3.32761E-006	0.00000E+000	-2.50000E-001	8.43089E-004	10	...........	-327.56
	296	29.7	-2.40096E-001	-2.98960E-006	0.00000E+000	-2.40000E-001	8.38689E-004	10	...........	-327.56
	297	29.8	-2.30066E-001	-2.45958E-006	0.00000E+000	-2.30000E-001	8.32689E-004	10	...........	-327.56
	298	29.9	-2.20034E-001	-1.72755E-006	0.00000E+000	-2.20000E-001	8.37489E-004	10	...........	-327.56
	299	30	-2.10064E-001	-1.17153E-006	0.00000E+000	-2.10000E-001	8.39489E-004	10	...........	-327.56
	300	30.1	-2.00047E-001	-6.71509E-007	0.00000E+000	-2.00000E-001	8.36689E-004	10	...........	-327.56
	301	30.2	-1.90173E-001	-3.21496E-007	0.00000E+000	-1.90000E-001	8.35889E-004	10	...........	-327.56
	302	30.3	-1.80068E-001	2.46525E-007	0.00000E+000	-1.80000E-001	8.40889E-004	10	...........	-327.56
	303	30.4	-1.70013E-001	4.30532E-007	0.00000E+000	-1.70000E-001	8.36489E-004	10	...........	-327.56
	304	30.5	-1.60106E-001	1.13456E-006	0.00000E+000	-1.60000E-001	8.43089E-004	10	...........	-327.56
	305	30.6	-1.50077E-001	2.04059E-006	0.00000E+000	-1.50000E-001	8.42089E-004	10	...........	-327.56
	306	30.7	-1.40234E-001	2.33460E-006	0.00000E+000	-1.40000E-001	8.37689E-004	10	...........	-327.56
	307	30.8	-1.30046E-001	3.02463E-006	0.00000E+000	-1.30000E-001	8.38689E-004	10	...........	-327.56
	308	30.9	-1.20048E-001	3.47865E-006	0.00000E+000	-1.20000E-001	8.36489E-004	10	...........	-327.56
	309	31	-1.10139E-001	3.81866E-006	0.00000E+000	-1.10000E-001	8.47089E-004	10	...........	-327.56
	310	31.1	-1.00105E-001	4.87070E-006	0.00000E+000	-1.00000E-001	8.37089E-004	10	...........	-327.56
	311	31.2	-9.00233E-002	5.35872E-006	0.00000E+000	-9.00000E-002	8.43689E-004	10	...........	-327.56
	312	31.3	-8.00566E-002	6.00674E-006	0.00000E+000	-8.00000E-002	8.34289E-004	10	...........	-327.56
	313	31.4	-7.00552E-002	6.39475E-006	0.00000E+000	-7.00000E-002	8.43089E-004	10	...........	-327.56
	314	31.5	-6.01299E-002	7.04678E-006	0.00000E+000	-6.00000E-002	8.35489E-004	10	...........	-327.56
	315	31.6	-4.99959E-002	7.99081E-006	0.00000E+000	-5.00000E-002	8.31689E-004	10	...........	-327.56
	316	31.7	-4.00200E-002	8.17082E-006	0.00000E+000	-4.00000E-002	8.37689E-004	10	...........	-327.56
	317	31.8	-3.00104E-002	8.97885E-006	0.00000E+000	-3.00000E-002	8.34889E-004	10	...........	-327.56
	318	31.9	-2.00298E-002	9.16286E-006	0.00000E+000	-2.00000E-002	8.38289E-004	10	...........	-327.56
	319	32	-1.00290E-002	9.18286E-006	0.00000E+000	-1.00000E-002	8.43689E-004	10	...........	-327.56
	320	32.1	-5.60192E-005	9.81688E-006	0.00000E+000	0.00000E+000	8.38089E-004	10	...........	-327.56
	321	32.2	1.00649E-002	9.99889E-006	0.00000E+000	1.00000E-002	8.31489E-004	10	...........	-327.56
	322	32.3	2.00011E-002	1.02489E-005	0.00000E+000	2.00000E-002	8.34089E-004	10	...........	-327.56
	323	32.4	3.01335E-002	1.07669E-005	0.00000E+000	3.00000E-002	8.31289E-004	10	...........	-327.56
	324	32.5	3.99589E-002	1.08029E-005	0.00000E+000	4.00000E-002	8.32689E-004	10	...........	-327.56
	325	32.6	5.01151E-002	1.10229E-005	0.00000E+000	5.00000E-002	8.45689E-004	10	...........	-327.56
	326	32.7	6.00030E-002	1.13849E-005	0.00000E+000	6.00000E-002	8.37489E-004	10	...........	-327.56
	327	32.8	7.03050E-002	1.14809E-005	0.00000E+000	7.00000E-002	8.31889E-004	10	...........	-327.56
	328	32.9	7.99709E-002	1.17890E-005	0.00000E+000	8.00000E-002	8.30889E-004	10	...........	-327.56
	329	33	9.02610E-002	1.29970E-005	0.00000E+000	9.00000E-002	8.33089E-004	10	...........	-327.56
	330	33.1	9.99836E-002	1.28650E-005	0.00000E+000	1.00000E-001	8.44689E-004	10	...........	-327.56
	331	33.2	1.10012E-001	1.38510E-005	0.00000E+000	1.10000E-001	8.40689E-004	10	...........	-327.56
	332	33.3	1.19941E-001	1.35550E-005	0.00000E+000	1.20000E-001	8.33489E-004	10	...........	-327.56
	333	33.4	1.30048E-001	1.38890E-005	0.00000E+000	1.30000E-001	8.40289E-004	10	...........	-327.56
	334	33.5	1.39989E-001	1.39710E-005	0.00000E+000	1.40000E-001	8.42489E-004	10	...........	-327.56
	335	33.6	1.50149E-001	1.39850E-005	0.00000E+000	1.50000E-001	8.29289E-004	10	...........	-327.56
	336	33.7	1.59973E-001	1.39230E-005	0.00000E+000	1.60000E-001	8.37289E-004	10	...........	-327.56
	337	33.8	1.69980E-001	1.42630E-005	0.00000E+000	1.70000E-001	8.39889E-004	10	...........	-327.56
	338	33.9	1.79947E-001	1.43531E-005	0.00000E+000	1.80000E-001	8.24289E-004	10	...........	-327.56
	339	34	1.90001E-001	1.44291E-005	0.00000E+000	1.90000E-001	8.33489E-004	10	...........	-327.56
	340	34.1	1.99936E-001	1.46611E-005	0.00000E+000	2.00000E-001	8.35089E-004	10	...........	-327.56
	341	34.2	2.10066E-001	1.52351E-005	0.00000E+000	2.10000E-001	8.34289E-004	10	...........	-327.56
	342	34.3	2.19950E-001	1.53771E-005	0.00000E+000	2.20000E-001	8.29889E-004	10	...........	-327.56
	343	34.4	2.30089E-001	1.55171E-005	0.00000E+000	2.30000E-001	8.27489E-004	10	...........	-327.56
	344	34.5	2.39981E-001	1.58651E-005	0.00000E+000	2.40000E-001	8.33689E-004	10	...........	-327.56
	345	34.6	2.49947E-001	1.59851E-005	0.00000E+000	2.50000E-001	8.34289E-004	10	...........	-327.56
	346	34.7	2.59972E-001	1.63971E-005	0.00000E+000	2.60000E-001	8.35689E-004	10	...........	-327.56
	347	34.8	2.70009E-001	1.63071E-005	0.00000E+000	2.70000E-001	8.30689E-004	10	...........	-327.56
	348	34.9	2.79943E-001	1.64611E-005	0.00000E+000	2.80000E-001	8.28289E-004	10	...........	-327.56
	349	35	2.90020E-001	1.65951E-005	0.00000E+000	2.90000E-001	8.31089E-004	10	...........	-327.56
	350	35.1	3.00052E-001	1.68251E-005	0.00000E+000	3.00000E-001	8.35689E-004	10	...........	-327.56
	351	35.2	3.09981E-001	1.73312E-005	0.00000E+000	3.10000E-001	8.27889E-004	10	...........	-327.56
	352	35.3	3.20007E-001	1.73412E-005	0.00000E+000	3.20000E-001	8.34089E-004	10	...........	-327.56
	353	35.4	3.29877E-001	1.78852E-005	0.00000E+000	3.30000E-001	8.38289E-004	10	...........	-327.56
	354	35.5	3.39973E-001	1.80632E-005	0.00000E+000	3.40000E-001	8.34889E-004	10	...........	-327.56
	355	35.6	3.49956E-001	1.80552E-005	0.00000E+000	3.50000E-001	8.44089E-004	10	...........	-327.56
	356	35.7	3.59928E-001	1.85232E-005	0.00000E+000	3.60000E-001	8.38289E-004	10	...........	-327.56
	357	35.8	3.69995E-001	1.87132E-005	0.00000E+000	3.70000E-001	8.37289E-004	10	...........	-327.56
	358	35.9	3.80060E-001	1.88292E-005	0.00000E+000	3.80000E-001	8.36689E-004	10	...........	-327.56
	359	36	3.89971E-001	1.91652E-005	0.00000E+000	3.90000E-001	8.34089E-004	10	...........	-327.56
	360	36.1	3.99734E-001	1.96292E-005	0.00000E+000	4.00000E-001	8.37689E-004	10	...........	-327.56
	361	36.2	4.09885E-001	1.99253E-005	0.00000E+000	4.10000E-001	8.39089E-004	10	...........	-327.56
	362	36.3	4.19980E-001	2.02573E-005	0.00000E+000	4.20000E-001	8.34089E-004	10	...........	-327.56
	363	36.4	4.29931E-001	2.11753E-005	0.00000E+000	4.30000E-001	8.33089E-004	10	...........	-327.56
	364	36.5	4.39944E-001	2.11173E-005	0.00000E+000	4.40000E-001	8.37889E-004	10	...........	-327.56
	365	36.6	4.49873E-001	2.16953E-005	0.00000E+000	4.50000E-001	8.37689E-004	10	...........	-327.56
	366	36.7	4.60015E-001	2.20173E-005	0.00000E+000	4.60000E-001	8.37689E-004	10	...........	-327.56
	367	36.8	4.69975E-001	2.15793E-005	0.00000E+000	4.70000E-001	8.43289E-004	10	...........	-327.56
	368	36.9	4.79932E-001	2.21053E-005	0.00000E+000	4.80000E-001	8.31289E-004	10	...........	-327.56
	369	37	4.89927E-001	2.25674E-005	0.00000E+000	4.90000E-001	8.36889E-004	10	...........	-327.56
	370	37.1	4.99998E-001	2.29214E-005	0.00000E+000	5.00000E-001	8.28689E-004	10	...........	-327.56
	371	37.2	5.09979E-001	2.31354E-005	0.00000E+000	5.10000E-001	8.45089E-004	10	...........	-327.56
	372	37.3	5.19960E-001	2.40054E-005	0.00000E+000	5.20000E-001	8.33489E-004	10	...........	-327.56
	373	37.4	5.29932E-001	2.40794E-005	0.00000E+000	5.30000E-001	8.35489E-004	10	...........	-327.56
	374	37.5	5.39985E-001	2.45494E-005	0.00000E+000	5.40000E-001	8.36289E-004	10	...........	-327.56
	375	37.6	5.49996E-001	2.51015E-005	0.00000E+000	5.50000E-001	8.37089E-004	10	...........	-327.56
	376	37.7	5.59939E-001	2.54795E-005	0.00000E+000	5.60000E-001	8.31889E-004	10	...........	-327.56
	377	37.8	5.69987E-001	2.62995E-005	0.00000E+000	5.70000E-001	8.34889E-004	10	...........	-327.56
	378	37.9	5.80088E-001	2.64175E-005	0.00000E+000	5.80000E-001	8.31089E-004	10	...........	-327.56
	379	38	5.90000E-001	2.66175E-005	0.00000E+000	5.90000E-001	8.32489E-004	10	...........	-327.56
	380	38.1	5.99977E-001	2.71495E-005	0.00000E+000	6.00000E-001	8.38089E-004	10	...........	-327.56
	381	38.2	6.09964E-001	2.76455E-005	0.00000E+000	6.10000E-001	8.32489E-004	10	...........	-327.56
	382	38.3	6.20012E-001	2.82996E-005	0.00000E+000	6.20000E-001	8.38889E-004	10	...........	-327.56
	383	38.4	6.30059E-001	2.90156E-005	0.00000E+000	6.30000E-001	8.36089E-004	10	...........	-327.56
	384	38.5	6.39943E-001	2.95796E-005	0.00000E+000	6.40000E-001	8.26889E-004	10	...........	-327.56
	385	38.6	6.49972E-001	3.01076E-005	0.00000E+000	6.50000E-001	8.32089E-004	10	...........	-327.56
	386	38.7	6.59966E-001	3.05177E-005	0.00000E+000	6.60000E-001	8.38089E-004	10	...........	-327.56
	387	38.8	6.69978E-001	3.09077E-005	0.00000E+000	6.70000E-001	8.33089E-004	10	...........	-327.56
	388	38.9	6.79879E-001	3.13477E-005	0.00000E+000	6.80000E-001	8.45289E-004	10	...........	-327.56
	389	39	6.89895E-001	3.15377E-005	0.00000E+000	6.90000E-001	8.31089E-004	10	...........	-327.56
	390	39.1	7.00012E-001	3.16637E-005	0.00000E+000	7.00000E-001	8.41289E-004	10	...........	-327.56
	391	39.2	7.09967E-001	3.18357E-005	0.00000E+000	7.10000E-001	8.32889E-004	10	...........	-327.56
	392	39.3	7.19949E-001	3.22677E-005	0.00000E+000	7.20000E-001	8.42089E-004	10	...........	-327.56
	393	39.4	7.30016E-001	3.24217E-005	0.00000E+000	7.30000E-001	8.36289E-004	10	...........	-327.56
	394	39.5	7.39929E-001	3.31678E-005	0.00000E+000	7.40000E-001	8.34289E-004	10	...........	-327.56
	395	39.6	7.49974E-001	3.33058E-005	0.00000E+000	7.50000E-001	8.38889E-004	10	...........	-327.56
	396	39.7	7.59801E-001	3.39058E-005	0.00000E+000	7.60000E-001	8.35289E-004	10	...........	-327.56
	397	39.8	7.69883E-001	3.47258E-005	0.00000E+000	7.70000E-001	8.34089E-004	10	...........	-327.56
	398	39.9	7.79976E-001	3.50218E-005	0.00000E+000	7.80000E-001	8.32689E-004	10	...........	-327.56
	399	40	7.89953E-001	3.52278E-005	0.00000E+000	7.90000E-001	8.36089E-004	10	...........	-327.56
	400	40.1	7.99948E-001	3.54398E-005	0.00000E+000	8.00000E-001	8.36289E-004	10	...........	-327.56
	401	40.2	7.89958E-001	3.14017E-005	0.00000E+000	7.90000E-001	8.33889E-004	10	...........	-327.56
	402	40.3	7.80001E-001	2.67675E-005	0.00000E+000	7.80000E-001	8.44489E-004	10	...........	-327.56
	403	40.4	7.69944E-001	2.36074E-005	0.00000E+000	7.70000E-001	8.32289E-004	10	...........	-327.56
	404	40.5	7.59689E-001	2.03913E-005	0.00000E+000	7.60000E-001	8.37289E-004	10	...........	-327.56
	405	40.6	7.49978E-001	1.83472E-005	0.00000E+000	7.50000E-001	8.31689E-004	10	...........	-327.56
	406	40.7	7.39907E-001	1.63491E-005	0.00000E+000	7.40000E-001	8.37289E-004	10	...........	-327.56
	407	40.8	7.30147E-001	1.43731E-005	0.00000E+000	7.30000E-001	8.32289E-004	10	...........	-327.56
	408	40.9	7.19954E-001	1.24650E-005	0.00000E+000	7.20000E-001	8.31689E-004	10	...........	-327.56
	409	41	7.10181E-001	1.14989E-005	0.00000E+000	7.10000E-001	8.36289E-004	10	...........	-327.56
	410	41.1	6.99983E-001	1.03829E-005	0.00000E+000	7.00000E-001	8.25289E-004	10	...........	-327.56
	411	41.2	6.90074E-001	9.68088E-006	0.00000E+000	6.90000E-001	8.28889E-004	10	...........	-327.56
	412	41.3	6.79951E-001	8.79684E-006	0.00000E+000	6.80000E-001	8.31889E-004	10	...........	-327.56
	413	41.4	6.70061E-001	8.15282E-006	0.00000E+000	6.70000E-001	8.34489E-004	10	...........	-327.56
	414	41.5	6.59978E-001	7.22879E-006	0.00000E+000	6.60000E-001	8.32489E-004	10	...........	-327.56
	415	41.6	6.49974E-001	6.89677E-006	0.00000E+000	6.50000E-001	8.22089E-004	10	...........	-327.56
	416	41.7	6.39964E-001	6.27875E-006	0.00000E+000	6.40000E-001	8.36889E-004	10	...........	-327.56
	417	41.8	6.30011E-001	5.68073E-006	0.00000E+000	6.30000E-001	8.47889E-004	10	...........	-327.56
	418	41.9	6.19950E-001	5.01470E-006	0.00000E+000	6.20000E-001	8.28489E-004	10	...........	-327.56
	419	42	6.09854E-001	4.78669E-006	0.00000E+000	6.10000E-001	8.35689E-004	10	...........	-327.56
	420	42.1	5.99963E-001	4.37468E-006	0.00000E+000	6.00000E-001	8.32489E-004	10	...........	-327.56
	421	42.2	5.89953E-001	3.97866E-006	0.00000E+000	5.90000E-001	8.33289E-004	10	...........	-327.56
	422	42.3	5.79834E-001	3.56465E-006	0.00000E+000	5.80000E-001	8.36089E-004	10	...........	-327.56
	423	42.4	5.69930E-001	3.65265E-006	0.00000E+000	5.70000E-001	8.37889E-004	10	...........	-327.56
	424	42.5	5.59923E-001	3.19664E-006	0.00000E+000	5.60000E-001	8.36889E-004	10	...........	-327.56
	425	42.6	5.49976E-001	3.58465E-006	0.00000E+000	5.50000E-001	8.31489E-004	10	...........	-327.56
	426	42.7	5.39890E-001	2.93863E-006	0.00000E+000	5.40000E-001	8.33689E-004	10	...........	-327.56
	427	42.8	5.29795E-001	3.05263E-006	0.00000E+000	5.30000E-001	8.38689E-004	10	...........	-327.56
	428	42.9	5.19947E-001	3.02063E-006	0.00000E+000	5.20000E-001	8.36089E-004	10	...........	-327.56
	429	43	5.09955E-001	2.81262E-006	0.00000E+000	5.10000E-001	8.36889E-004	10	...........	-327.56
	430	43.1	4.99788E-001	2.28060E-006	0.00000E+000	5.00000E-001	8.46489E-004	10	...........	-327.56
	431	43.2	4.89895E-001	2.37060E-006	0.00000E+000	4.90000E-001	8.34289E-004	10	...........	-327.56
	432	43.3	4.79942E-001	2.44461E-006	0.00000E+000	4.80000E-001	8.34489E-004	10	...........	-327.56
	433	43.4	4.69986E-001	1.79258E-006	0.00000E+000	4.70000E-001	8.36889E-004	10	...........	-327.56
	434	43.5	4.59912E-001	1.40257E-006	0.00000E+000	4.60000E-001	8.31489E-004	10	...........	-327.56
	435	43.6	4.49842E-001	9.52551E-007	0.00000E+000	4.50000E-001	8.40889E-004	10	...........	-327.56
	436	43.7	4.39958E-001	1.31657E-006	0.00000E+000	4.40000E-001	8.34689E-004	10	...........	-327.56
	437	43.8	4.29988E-001	1.26256E-006	0.00000E+000	4.30000E-001	8.32889E-004	10	...........	-327.56
	438	43.9	4.19973E-001	1.16456E-006	0.00000E+000	4.20000E-001	8.40689E-004	10	...........	-327.56
	439	44	4.09895E-001	9.12550E-007	0.00000E+000	4.10000E-001	8.27089E-004	10	...........	-327.56
	440	44.1	3.99847E-001	1.09656E-006	0.00000E+000	4.00000E-001	8.37289E-004	10	...........	-327.56
	441	44.2	3.89999E-001	1.18256E-006	0.00000E+000	3.90000E-001	8.34889E-004	10	...........	-327.56
	442	44.3	3.79942E-001	8.66548E-007	0.00000E+000	3.80000E-001	8.34489E-004	10	...........	-327.56
	443	44.4	3.69996E-001	7.46544E-007	0.00000E+000	3.70000E-001	8.42689E-004	10	...........	-327.56
	444	44.5	3.59960E-001	9.16550E-007	0.00000E+000	3.60000E-001	8.31289E-004	10	...........	-327.56
	445	44.6	3.49973E-001	5.40536E-007	0.00000E+000	3.50000E-001	8.39889E-004	10	...........	-327.56
	446	44.7	3.39973E-001	3.56529E-007	0.00000E+000	3.40000E-001	8.29889E-004	10	...........	-327.56
	447	44.8	3.29903E-001	-5.48431E-009	0.00000E+000	3.30000E-001	8.35289E-004	10	...........	-327.56
	448	44.9	3.19991E-001	-1.51490E-007	0.00000E+000	3.20000E-001	8.29889E-004	10	...........	-327.56
	449	45	3.10035E-001	-1.61490E-007	0.00000E+000	3.10000E-001	8.36489E-004	10	...........	-327.56
	450	45.1	2.99949E-001	-1.05488E-007	0.00000E+000	3.00000E-001	8.33489E-004	10	...........	-327.56
	451	45.2	2.89994E-001	-3.63498E-007	0.00000E+000	2.90000E-001	8.36689E-004	10	...........	-327.56
	452	45.3	2.79968E-001	-8.89517E-007	0.00000E+000	2.80000E-001	8.27089E-004	10	...........	-327.56
	453	45.4	2.69965E-001	-9.55520E-007	0.00000E+000	2.70000E-001	8.39689E-004	10	...........	-327.56
	454	45.5	2.59977E-001	-5.43504E-007	0.00000E+000	2.60000E-001	8.25289E-004	10	...........	-327.56
	455	45.6	2.49906E-001	-1.00352E-006	0.00000E+000	2.50000E-001	8.38289E-004	10	...........	-327.56
	456	45.7	2.39985E-001	-1.11753E-006	0.00000E+000	2.40000E-001	8.31689E-004	10	...........	-327.56
	457	45.8	2.30097E-001	-1.19553E-006	0.00000E+000	2.30000E-001	8.35089E-004	10	...........	-327.56
	458	45.9	2.19923E-001	-9.47520E-007	0.00000E+000	2.20000E-001	8.38289E-004	10	...........	-327.56
	459	46	2.09991E-001	-1.15353E-006	0.00000E+000	2.10000E-001	8.36889E-004	10	...........	-327.56
	460	46.1	1.99939E-001	-1.69555E-006	0.00000E+000	2.00000E-001	8.32089E-004	10	...........	-327.56
	461	46.2	1.90003E-001	-2.09556E-006	0.00000E+000	1.90000E-001	8.34289E-004	10	...........	-327.56
	462	46.3	1.79952E-001	-2.59558E-006	0.00000E+000	1.80000E-001	8.36289E-004	10	...........	-327.56
	463	46.4	1.69910E-001	-2.62758E-006	0.00000E+000	1.70000E-001	8.30489E-004	10	...........	-327.56
	464	46.5	1.59977E-001	-2.84559E-006	0.00000E+000	1.60000E-001	8.44889E-004	10	...........	-327.56
	465	46.6	1.50065E-001	-3.34761E-006	0.00000E+000	1.50000E-001	8.32489E-004	10	...........	-327.56
	466	46.7	1.40005E-001	-3.84363E-006	0.00000E+000	1.40000E-001	8.40089E-004	10	...........	-327.56
	467	46.8	1.30022E-001	-4.38965E-006	0.00000E+000	1.30000E-001	8.30089E-004	10	...........	-327.56
	468	46.9	1.19955E-001	-5.03367E-006	0.00000E+000	1.20000E-001	8.33889E-004	10	...........	-327.56
	469	47	1.10018E-001	-5.56769E-006	0.00000E+000	1.10000E-001	8.36889E-004	10	...........	-327.56
	470	47.1	9.99502E-002	-5.93571E-006	0.00000E+000	1.00000E-001	8.40089E-004	10	...........	-327.56
	471	47.2	9.02605E-002	-6.11771E-006	0.00000E+000	9.00000E-002	8.34289E-004	10	...........	-327.56
	472	47.3	7.99693E-002	-6.84374E-006	0.00000E+000	8.00000E-002	8.35289E-004	10	...........	-327.56
	473	47.4	7.00782E-002	-7.31176E-006	0.00000E+000	7.00000E-002	8.34289E-004	10	...........	-327.56
	474	47.5	6.00057E-002	-7.36776E-006	0.00000E+000	6.00000E-002	8.26489E-004	10	...........	-327.56
	475	47.6	5.00032E-002	-8.20579E-006	0.00000E+000	5.00000E-002	8.33089E-004	10	...........	-327.56
	476	47.7	3.98277E-002	-8.54380E-006	0.00000E+000	4.00000E-002	8.29089E-004	10	...........	-327.56
	477	47.8	3.00019E-002	-9.46184E-006	0.00000E+000	3.00000E-002	8.37089E-004	10	...........	-327.56
	478	47.9	1.99353E-002	-9.67184E-006	0.00000E+000	2.00000E-002	8.42289E-004	10	...........	-327.56
	479	48	9.98028E-003	-9.97786E-006	0.00000E+000	1.00000E-002	8.30289E-004	10	...........	-327.56
	480	48.1	-8.95192E-005	-1.06579E-005	0.00000E+000	0.00000E+000	8.39089E-004	10	...........	-327.56
	481	48.2	-1.00210E-002	-1.09119E-005	0.00000E+000	-1.00000E-002	8.39689E-004	10	...........	-327.56
	482	48.3	-2.00867E-002	-1.11679E-005	0.00000E+000	-2.00000E-002	8.38889E-004	10	...........	-327.56
	483	48.4	-3.01299E-002	-1.20399E-005	0.00000E+000	-3.00000E-002	8.38889E-004	10	...........	-327.56
	484	48.5	-4.00497E-002	-1.22039E-005	0.00000E+000	-4.00000E-002	8.45289E-004	10	...........	-327.56
	485	48.6	-5.00256E-002	-1.30300E-005	0.00000E+000	-5.00000E-002	8.31289E-004	10	...........	-327.56
	486	48.7	-6.01783E-002	-1.38640E-005	0.00000E+000	-6.00000E-002	8.44889E-004	10	...........	-327.56
	487	48.8	-7.00723E-002	-1.46140E-005	0.00000E+000	-7.00000E-002	8.36889E-004	10	...........	-327.56
	488	48.9	-8.00781E-002	-1.55821E-005	0.00000E+000	-8.00000E-002	8.39089E-004	10	...........	-327.56
	489	49	-8.99994E-002	-1.67401E-005	0.00000E+000	-9.00000E-002	8.48289E-004	10	...........	-327.56
	490	49.1	-1.00051E-001	-1.89162E-005	0.00000E+000	-1.00000E-001	8.31889E-004	10	...........	-327.56
	491	49.2	-1.10029E-001	-1.94782E-005	0.00000E+000	-1.10000E-001	8.41489E-004	10	...........	-327.56
	492	49.3	-1.20022E-001	-2.09843E-005	0.00000E+000	-1.20000E-001	8.32489E-004	10	...........	-327.56
	493	49.4	-1.29920E-001	-2.15423E-005	0.00000E+000	-1.30000E-001	8.38689E-004	10	...........	-327.56
	494	49.5	-1.40020E-001	-2.23323E-005	0.00000E+000	-1.40000E-001	8.39489E-004	10	...........	-327.56
	495	49.6	-1.49994E-001	-2.33144E-005	0.00000E+000	-1.50000E-001	8.30089E-004	10	...........	-327.56
	496	49.7	-1.60078E-001	-2.49764E-005	0.00000E+000	-1.60000E-001	8.39289E-004	10	...........	-327.56
	497	49.8	-1.70019E-001	-2.64965E-005	0.00000E+000	-1.70000E-001	8.32889E-004	10	...........	-327.56
	498	49.9	-1.80088E-001	-2.63405E-005	0.00000E+000	-1.80000E-001	8.40489E-004	10	...........	-327.56
	499	50	-1.90149E-001	-2.64905E-005	0.00000E+000	-1.90000E-001	8.37489E-004	10	...........	-327.56
	500	50.1	-2.00052E-001	-2.71705E-005	0.00000E+000	-2.00000E-001	8.48489E-004	10	...........	-327.56
	501	50.2	-2.10064E-001	-2.86506E-005	0.00000E+000	-2.10000E-001	8.30089E-004	10	...........	-327.56
	502	50.3	-2.20038E-001	-2.95866E-005	0.00000E+000	-2.20000E-001	8.36689E-004	10	...........	-327.56
	503	50.4	-2.30121E-001	-2.99286E-005	0.00000E+000	-2.30000E-001	8.31889E-004	10	...........	-327.56
	504	50.5	-2.40187E-001	-3.08646E-005	0.00000E+000	-2.40000E-001	8.46089E-004	10	...........	-327.56
	505	50.6	-2.50022E-001	-3.14367E-005	0.00000E+000	-2.50000E-001	8.25889E-004	10	...........	-327.56
	506	50.7	-2.60102E-001	-3.18907E-005	0.00000E+000	-2.60000E-001	8.30889E-004	10	...........	-327.56
	507	50.8	-2.70015E-001	-3.21807E-005	0.00000E+000	-2.70000E-001	8.38489E-004	10	...........	-327.56
	508	50.9	-2.80061E-001	-3.22887E-005	0.00000E+000	-2.80000E-001	8.32689E-004	10	...........	-327.56
	509	51	-2.90053E-001	-3.24867E-005	0.00000E+000	-2.90000E-001	8.34689E-004	10	...........	-327.56
	510	51.1	-3.00044E-001	-3.25787E-005	0.00000E+000	-3.00000E-001	8.29489E-004	10	...........	-327.56
	511	51.2	-3.10111E-001	-3.28867E-005	0.00000E+000	-3.10000E-001	8.39289E-004	10	...........	-327.56
	512	51.3	-3.19989E-001	-3.29967E-005	0.00000E+000	-3.20000E-001	8.44489E-004	10	...........	-327.56
	513	51.4	-3.30024E-001	-3.34587E-005	0.00000E+000	-3.30000E-001	8.34689E-004	10	...........	-327.56
	514	51.5	-3.39894E-001	-3.40008E-005	0.00000E+000	-3.40000E-001	8.39689E-004	10	...........	-327.56
	515	51.6	-3.50031E-001	-3.40408E-005	0.00000E+000	-3.50000E-001	8.36489E-004	10	...........	-327.56
	516	51.7	-3.60053E-001	-3.41468E-005	0.00000E+000	-3.60000E-001	8.35689E-004	10	...........	-327.56
	517	51.8	-3.70037E-001	-3.47028E-005	0.00000E+000	-3.70000E-001	8.44689E-004	10	...........	-327.56
	518	51.9	-3.80039E-001	-3.48568E-005	0.00000E+000	-3.80000E-001	8.35289E-004	10	...........	-327.56
	519	52	-3.90069E-001	-3.54088E-005	0.00000E+000	-3.90000E-001	8.30089E-004	10	...........	-327.56
	520	52.1	-4.00025E-001	-3.52788E-005	0.00000E+000	-4.00000E-001	8.46089E-004	10	...........	-327.56
	521	52.2	-4.10016E-001	-3.50188E-005	0.00000E+000	-4.10000E-001	8.32489E-004	10	...........	-327.56
	522	52.3	-4.19852E-001	-3.58028E-005	0.00000E+000	-4.20000E-001	8.44289E-004	10	...........	-327.56
	523	52.4	-4.30041E-001	-3.58168E-005	0.00000E+000	-4.30000E-001	8.42689E-004	10	...........	-327.56
	524	52.5	-4.40043E-001	-3.57028E-005	0.00000E+000	-4.40000E-001	8.35289E-004	10	...........	-327.56
	525	52.6	-4.49964E-001	-3.58128E-005	0.00000E+000	-4.50000E-001	8.44889E-004	10	...........	-327.56
	526	52.7	-4.60029E-001	-3.61068E-005	0.00000E+000	-4.60000E-001	8.38889E-004	10	...........	-327.56
	527	52.8	-4.70088E-001	-3.59628E-005	0.00000E+000	-4.70000E-001	8.34089E-004	10	...........	-327.56
	528	52.9	-4.80027E-001	-3.61208E-005	0.00000E+000	-4.80000E-001	8.34089E-004	10	...........	-327.56
	529	53	-4.90007E-001	-3.63348E-005	0.00000E+000	-4.90000E-001	8.41289E-004	10	...........	-327.56
	530	53.1	-4.99998E-001	-3.67709E-005	0.00000E+000	-5.00000E-001	8.35289E-004	10	...........	-327.56
	531	53.2	-5.10036E-001	-3.70809E-005	0.00000E+000	-5.10000E-001	8.43489E-004	10	...........	-327.56
	532	53.3	-5.20039E-001	-3.70949E-005	0.00000E+000	-5.20000E-001	8.39089E-004	10	...........	-327.56
	533	53.4	-5.29977E-001	-3.72169E-005	0.00000E+000	-5.30000E-001	8.35889E-004	10	...........	-327.56
	534	53.5	-5.39966E-001	-3.76229E-005	0.00000E+000	-5.40000E-001	8.37489E-004	10	...........	-327.56
	535	53.6	-5.49920E-001	-3.83749E-005	0.00000E+000	-5.50000E-001	8.39889E-004	10	...........	-327.56
	536	53.7	-5.60028E-001	-3.88669E-005	0.00000E+000	-5.60000E-001	8.38689E-004	10	...........	-327.56
	537	53.8	-5.69988E-001	-3.94030E-005	0.00000E+000	-5.70000E-001	8.42089E-004	10	...........	-327.56
	538	53.9	-5.79976E-001	-4.02530E-005	0.00000E+000	-5.80000E-001	8.39689E-004	10	...........	-327.56
	539	54	-5.90069E-001	-4.08710E-005	0.00000E+000	-5.90000E-001	8.32889E-004	10	...........	-327.56
	540	54.1	-6.00259E-001	-4.15770E-005	0.00000E+000	-6.00000E-001	8.38689E-004	10	...........	-327.56
	541	54.2	-6.10018E-001	-4.22551E-005	0.00000E+000	-6.10000E-001	8.36289E-004	10	...........	-327.56
	542	54.3	-6.20113E-001	-4.31051E-005	0.00000E+000	-6.20000E-001	8.41889E-004	10	...........	-327.56
	543	54.4	-6.30021E-001	-4.42611E-005	0.00000E+000	-6.30000E-001	8.39689E-004	10	...........	-327.56
	544	54.5	-6.40067E-001	-4.55872E-005	0.00000E+000	-6.40000E-001	8.46689E-004	10	...........	-327.56
	545	54.6	-6.50011E-001	-4.73733E-005	0.00000E+000	-6.50000E-001	8.39289E-004	10	...........	-327.56
	546	54.7	-6.60026E-001	-4.93993E-005	0.00000E+000	-6.60000E-001	8.40289E-004	10	...........	-327.56
	547	54.8	-6.70065E-001	-5.06614E-005	0.00000E+000	-6.70000E-001	8.39289E-004	10	...........	-327.56
	548	54.9	-6.80011E-001	-5.30015E-005	0.00000E+000	-6.80000E-001	8.33289E-004	10	...........	-327.56
	549	55	-6.89988E-001	-5.51255E-005	0.00000E+000	-6.90000E-001	8.40289E-004	10	...........	-327.56
	550	55.1	-7.00108E-001	-5.81297E-005	0.00000E+000	-7.00000E-001	8.37889E-004	10	...........	-327.56
	551	55.2	-7.10046E-001	-6.06198E-005	0.00000E+000	-7.10000E-001	8.43889E-004	10	...........	-327.56
	552	55.3	-7.20044E-001	-6.37559E-005	0.00000E+000	-7.20000E-001	8.34289E-004	10	...........	-327.56
	553	55.4	-7.29937E-001	-6.50719E-005	0.00000E+000	-7.30000E-001	8.39889E-004	10	...........	-327.56
	554	55.5	-7.39998E-001	-6.89281E-005	0.00000E+000	-7.40000E-001	8.43289E-004	10	...........	-327.56
	555	55.6	-7.50061E-001	-7.23042E-005	0.00000E+000	-7.50000E-001	8.32089E-004	10	...........	-327.56
	556	55.7	-7.60027E-001	-7.59283E-005	0.00000E+000	-7.60000E-001	8.43489E-004	10	...........	-327.56
	557	55.8	-7.70004E-001	-7.95524E-005	0.00000E+000	-7.70000E-001	8.44889E-004	10	...........	-327.56
	558	55.9	-7.80046E-001	-8.30566E-005	0.00000E+000	-7.80000E-001	8.36889E-004	10	...........	-327.56
	559	56	-7.89994E-001	-8.74667E-005	0.00000E+000	-7.90000E-001	8.48089E-004	10	...........	-327.56
	560	56.1	-8.00053E-001	-9.15129E-005	0.00000E+000	-8.00000E-001	8.33889E-004	10	...........	-327.56
CURVE3	TABLE
	Pt	T	Vf	Im	Vu	Sig	Ach	IERange	Over	Temp
	#	s	V vs. Ref.	A	V	V	V	#	bits	deg C
	561	56.2	-7.89986E-001	-8.23326E-005	0.00000E+000	-7.90000E-001	8.39689E-004	10	...........	-327.56
	562	56.3	-7.80253E-001	-7.51703E-005	0.00000E+000	-7.80000E-001	8.42489E-004	10	...........	-327.56
	563	56.4	-7.70013E-001	-6.94801E-005	0.00000E+000	-7.70000E-001	8.36489E-004	10	...........	-327.56
	564	56.5	-7.60008E-001	-6.41679E-005	0.00000E+000	-7.60000E-001	8.41689E-004	10	...........	-327.56
	565	56.6	-7.50126E-001	-5.89817E-005	0.00000E+000	-7.50000E-001	8.34689E-004	10	...........	-327.56
	566	56.7	-7.40027E-001	-5.35795E-005	0.00000E+000	-7.40000E-001	8.35289E-004	10	...........	-327.56
	567	56.8	-7.29946E-001	-4.86613E-005	0.00000E+000	-7.30000E-001	8.38889E-004	10	...........	-327.56
	568	56.9	-7.20087E-001	-4.46532E-005	0.00000E+000	-7.20000E-001	8.35089E-004	10	...........	-327.56
	569	57	-7.10045E-001	-4.18090E-005	0.00000E+000	-7.10000E-001	8.36889E-004	10	...........	-327.56
	570	57.1	-6.99974E-001	-3.84769E-005	0.00000E+000	-7.00000E-001	8.33889E-004	10	...........	-327.56
	571	57.2	-6.90020E-001	-3.51328E-005	0.00000E+000	-6.90000E-001	8.40089E-004	10	...........	-327.56
	572	57.3	-6.80002E-001	-3.26367E-005	0.00000E+000	-6.80000E-001	8.36489E-004	10	...........	-327.56
	573	57.4	-6.70124E-001	-3.18287E-005	0.00000E+000	-6.70000E-001	8.41489E-004	10	...........	-327.56
	574	57.5	-6.60032E-001	-2.96046E-005	0.00000E+000	-6.60000E-001	8.38289E-004	10	...........	-327.56
	575	57.6	-6.50075E-001	-2.78205E-005	0.00000E+000	-6.50000E-001	8.41289E-004	10	...........	-327.56
	576	57.7	-6.40049E-001	-2.52604E-005	0.00000E+000	-6.40000E-001	8.42089E-004	10	...........	-327.56
	577	57.8	-6.30010E-001	-2.38324E-005	0.00000E+000	-6.30000E-001	8.46489E-004	10	...........	-327.56
	578	57.9	-6.20048E-001	-2.25523E-005	0.00000E+000	-6.20000E-001	8.37089E-004	10	...........	-327.56
	579	58	-6.09963E-001	-2.18083E-005	0.00000E+000	-6.10000E-001	8.41089E-004	10	...........	-327.56
	580	58.1	-6.00040E-001	-2.11383E-005	0.00000E+000	-6.00000E-001	8.40889E-004	10	...........	-327.56
	581	58.2	-5.89916E-001	-2.02102E-005	0.00000E+000	-5.90000E-001	8.33889E-004	10	...........	-327.56
	582	58.3	-5.80020E-001	-1.94602E-005	0.00000E+000	-5.80000E-001	8.41489E-004	10	...........	-327.56
	583	58.4	-5.69865E-001	-1.84762E-005	0.00000E+000	-5.70000E-001	8.35689E-004	10	...........	-327.56
	584	58.5	-5.60031E-001	-1.84482E-005	0.00000E+000	-5.60000E-001	8.38889E-004	10	...........	-327.56
	585	58.6	-5.49796E-001	-1.76481E-005	0.00000E+000	-5.50000E-001	8.40889E-004	10	...........	-327.56
	586	58.7	-5.40049E-001	-1.64801E-005	0.00000E+000	-5.40000E-001	8.38689E-004	10	...........	-327.56
	587	58.8	-5.29996E-001	-1.63201E-005	0.00000E+000	-5.30000E-001	8.45489E-004	10	...........	-327.56
	588	58.9	-5.20115E-001	-1.59521E-005	0.00000E+000	-5.20000E-001	8.34889E-004	10	...........	-327.56
	589	59	-5.10046E-001	-1.57121E-005	0.00000E+000	-5.10000E-001	8.41289E-004	10	...........	-327.56
	590	59.1	-5.00001E-001	-1.55841E-005	0.00000E+000	-5.00000E-001	8.38089E-004	10	...........	-327.56
	591	59.2	-4.90007E-001	-1.55281E-005	0.00000E+000	-4.90000E-001	8.41489E-004	10	...........	-327.56
	592	59.3	-4.80038E-001	-1.49540E-005	0.00000E+000	-4.80000E-001	8.44089E-004	10	...........	-327.56
	593	59.4	-4.70115E-001	-1.44400E-005	0.00000E+000	-4.70000E-001	8.39689E-004	10	...........	-327.56
	594	59.5	-4.60097E-001	-1.41800E-005	0.00000E+000	-4.60000E-001	8.46289E-004	10	...........	-327.56
	595	59.6	-4.49974E-001	-1.38040E-005	0.00000E+000	-4.50000E-001	8.43689E-004	10	...........	-327.56
	596	59.7	-4.40114E-001	-1.29840E-005	0.00000E+000	-4.40000E-001	8.37689E-004	10	...........	-327.56
	597	59.8	-4.30062E-001	-1.28680E-005	0.00000E+000	-4.30000E-001	8.41689E-004	10	...........	-327.56
	598	59.9	-4.19952E-001	-1.20999E-005	0.00000E+000	-4.20000E-001	8.42289E-004	10	...........	-327.56
	599	60	-4.10033E-001	-1.19159E-005	0.00000E+000	-4.10000E-001	8.41289E-004	10	...........	-327.56
	600	60.1	-4.00050E-001	-1.17139E-005	0.00000E+000	-4.00000E-001	8.42489E-004	10	...........	-327.56
	601	60.2	-3.90171E-001	-1.09759E-005	0.00000E+000	-3.90000E-001	8.38689E-004	10	...........	-327.56
	602	60.3	-3.80063E-001	-1.06619E-005	0.00000E+000	-3.80000E-001	8.33689E-004	10	...........	-327.56
	603	60.4	-3.70027E-001	-1.03599E-005	0.00000E+000	-3.70000E-001	8.39289E-004	10	...........	-327.56
	604	60.5	-3.60090E-001	-9.24783E-006	0.00000E+000	-3.60000E-001	8.34889E-004	10	...........	-327.56
	605	60.6	-3.50033E-001	-9.14983E-006	0.00000E+000	-3.50000E-001	8.41889E-004	10	...........	-327.56
	606	60.7	-3.39967E-001	-8.89582E-006	0.00000E+000	-3.40000E-001	8.39089E-004	10	...........	-327.56
	607	60.8	-3.30005E-001	-8.54580E-006	0.00000E+000	-3.30000E-001	8.32289E-004	10	...........	-327.56
	608	60.9	-3.20016E-001	-7.86978E-006	0.00000E+000	-3.20000E-001	8.40289E-004	10	...........	-327.56
	609	61	-3.10045E-001	-6.92774E-006	0.00000E+000	-3.10000E-001	8.35089E-004	10	...........	-327.56
	610	61.1	-3.00030E-001	-6.36572E-006	0.00000E+000	-3.00000E-001	8.41889E-004	10	...........	-327.56
	611	61.2	-2.90032E-001	-5.87170E-006	0.00000E+000	-2.90000E-001	8.42689E-004	10	...........	-327.56
	612	61.3	-2.80058E-001	-4.36365E-006	0.00000E+000	-2.80000E-001	8.45689E-004	10	...........	-327.56
	613	61.4	-2.70039E-001	-3.59362E-006	0.00000E+000	-2.70000E-001	8.45689E-004	10	...........	-327.56
	614	61.5	-2.60079E-001	-2.29557E-006	0.00000E+000	-2.60000E-001	8.31489E-004	10	...........	-327.56
	615	61.6	-2.50037E-001	-1.53154E-006	0.00000E+000	-2.50000E-001	8.45089E-004	10	...........	-327.56
	616	61.7	-2.40139E-001	-6.27508E-007	0.00000E+000	-2.40000E-001	8.38089E-004	10	...........	-327.56
	617	61.8	-2.30123E-001	-3.57497E-007	0.00000E+000	-2.30000E-001	8.37289E-004	10	...........	-327.56
	618	61.9	-2.20049E-001	4.51605E-009	0.00000E+000	-2.20000E-001	8.26689E-004	10	...........	-327.56
	619	62	-2.10081E-001	4.32532E-007	0.00000E+000	-2.10000E-001	8.44289E-004	10	...........	-327.56
	620	62.1	-2.00063E-001	7.76545E-007	0.00000E+000	-2.00000E-001	8.31689E-004	10	...........	-327.56
	621	62.2	-1.90175E-001	1.64058E-006	0.00000E+000	-1.90000E-001	8.38289E-004	10	...........	-327.56
	622	62.3	-1.80110E-001	2.32660E-006	0.00000E+000	-1.80000E-001	8.37889E-004	10	...........	-327.56
	623	62.4	-1.70034E-001	3.09463E-006	0.00000E+000	-1.70000E-001	8.39489E-004	10	...........	-327.56
	624	62.5	-1.60114E-001	3.65865E-006	0.00000E+000	-1.60000E-001	8.40689E-004	10	...........	-327.56
	625	62.6	-1.50097E-001	4.28268E-006	0.00000E+000	-1.50000E-001	8.37689E-004	10	...........	-327.56
	626	62.7	-1.40183E-001	4.66269E-006	0.00000E+000	-1.40000E-001	8.42089E-004	10	...........	-327.56
	627	62.8	-1.30038E-001	5.26871E-006	0.00000E+000	-1.30000E-001	8.35089E-004	10	...........	-327.56
	628	62.9	-1.20034E-001	6.52676E-006	0.00000E+000	-1.20000E-001	8.34889E-004	10	...........	-327.56
	629	63	-1.10091E-001	7.56480E-006	0.00000E+000	-1.10000E-001	8.33489E-004	10	...........	-327.56
	630	63.1	-1.00057E-001	7.88281E-006	0.00000E+000	-1.00000E-001	8.32289E-004	10	...........	-327.56
	631	63.2	-9.00147E-002	8.38083E-006	0.00000E+000	-9.00000E-002	8.41489E-004	10	...........	-327.56
	632	63.3	-8.00583E-002	9.01085E-006	0.00000E+000	-8.00000E-002	8.34489E-004	10	...........	-327.56
	633	63.4	-7.00612E-002	9.58887E-006	0.00000E+000	-7.00000E-002	8.41889E-004	10	...........	-327.56
	634	63.5	-6.00617E-002	9.84888E-006	0.00000E+000	-6.00000E-002	8.41489E-004	10	...........	-327.56
	635	63.6	-5.00357E-002	1.08749E-005	0.00000E+000	-5.00000E-002	8.35289E-004	10	...........	-327.56
	636	63.7	-4.00243E-002	1.08049E-005	0.00000E+000	-4.00000E-002	8.42089E-004	10	...........	-327.56
	637	63.8	-3.00692E-002	1.11289E-005	0.00000E+000	-3.00000E-002	8.32289E-004	10	...........	-327.56
	638	63.9	-2.00408E-002	1.13749E-005	0.00000E+000	-2.00000E-002	8.37289E-004	10	...........	-327.56
	639	64	-1.00901E-002	1.16490E-005	0.00000E+000	-1.00000E-002	8.40089E-004	10	...........	-327.56
	640	64.1	-6.67192E-005	1.19990E-005	0.00000E+000	0.00000E+000	8.32689E-004	10	...........	-327.56
	641	64.2	1.00150E-002	1.21370E-005	0.00000E+000	1.00000E-002	8.42289E-004	10	...........	-327.56
	642	64.3	1.99850E-002	1.28530E-005	0.00000E+000	2.00000E-002	8.25289E-004	10	...........	-327.56
	643	64.4	3.00800E-002	1.31790E-005	0.00000E+000	3.00000E-002	8.37089E-004	10	...........	-327.56
	644	64.5	3.99319E-002	1.32950E-005	0.00000E+000	4.00000E-002	8.27689E-004	10	...........	-327.56
	645	64.6	5.00779E-002	1.38930E-005	0.00000E+000	5.00000E-002	8.37689E-004	10	...........	-327.56
	646	64.7	5.99924E-002	1.43811E-005	0.00000E+000	6.00000E-002	8.33889E-004	10	...........	-327.56
	647	64.8	7.01583E-002	1.47691E-005	0.00000E+000	7.00000E-002	8.37289E-004	10	...........	-327.56
	648	64.9	7.99617E-002	1.55791E-005	0.00000E+000	8.00000E-002	8.24489E-004	10	...........	-327.56
	649	65	9.01405E-002	1.52871E-005	0.00000E+000	9.00000E-002	8.34889E-004	10	...........	-327.56
	650	65.1	9.99443E-002	1.59191E-005	0.00000E+000	1.00000E-001	8.31489E-004	10	...........	-327.56
	651	65.2	1.09998E-001	1.64551E-005	0.00000E+000	1.10000E-001	8.33889E-004	10	...........	-327.56
	652	65.3	1.19886E-001	1.70812E-005	0.00000E+000	1.20000E-001	8.28889E-004	10	...........	-327.56
	653	65.4	1.29925E-001	1.70772E-005	0.00000E+000	1.30000E-001	8.32089E-004	10	...........	-327.56
	654	65.5	1.40010E-001	1.67811E-005	0.00000E+000	1.40000E-001	8.39889E-004	10	...........	-327.56
	655	65.6	1.49973E-001	1.71472E-005	0.00000E+000	1.50000E-001	8.32289E-004	10	...........	-327.56
	656	65.7	1.59965E-001	1.74892E-005	0.00000E+000	1.60000E-001	8.36489E-004	10	...........	-327.56
	657	65.8	1.69839E-001	1.74952E-005	0.00000E+000	1.70000E-001	8.33489E-004	10	...........	-327.56
	658	65.9	1.79886E-001	1.78432E-005	0.00000E+000	1.80000E-001	8.31289E-004	10	...........	-327.56
	659	66	1.90012E-001	1.77072E-005	0.00000E+000	1.90000E-001	8.35489E-004	10	...........	-327.56
	660	66.1	1.99873E-001	1.80092E-005	0.00000E+000	2.00000E-001	8.35489E-004	10	...........	-327.56
	661	66.2	2.09949E-001	1.82392E-005	0.00000E+000	2.10000E-001	8.36889E-004	10	...........	-327.56
	662	66.3	2.19851E-001	1.80632E-005	0.00000E+000	2.20000E-001	8.35889E-004	10	...........	-327.56
	663	66.4	2.29949E-001	1.88712E-005	0.00000E+000	2.30000E-001	8.28489E-004	10	...........	-327.56
	664	66.5	2.39981E-001	1.82772E-005	0.00000E+000	2.40000E-001	8.36489E-004	10	...........	-327.56
	665	66.6	2.49845E-001	1.87692E-005	0.00000E+000	2.50000E-001	8.36489E-004	10	...........	-327.56
	666	66.7	2.59962E-001	1.90832E-005	0.00000E+000	2.60000E-001	8.35089E-004	10	...........	-327.56
	667	66.8	2.69956E-001	1.92772E-005	0.00000E+000	2.70000E-001	8.34489E-004	10	...........	-327.56
	668	66.9	2.79937E-001	1.96072E-005	0.00000E+000	2.80000E-001	8.29489E-004	10	...........	-327.56
	669	67	2.89967E-001	1.94192E-005	0.00000E+000	2.90000E-001	8.24489E-004	10	...........	-327.56
	670	67.1	3.00085E-001	1.94192E-005	0.00000E+000	3.00000E-001	8.35689E-004	10	...........	-327.56
	671	67.2	3.09958E-001	1.93932E-005	0.00000E+000	3.10000E-001	8.36089E-004	10	...........	-327.56
	672	67.3	3.19983E-001	1.99633E-005	0.00000E+000	3.20000E-001	8.29689E-004	10	...........	-327.56
	673	67.4	3.29853E-001	2.04293E-005	0.00000E+000	3.30000E-001	8.33889E-004	10	...........	-327.56
	674	67.5	3.39963E-001	2.04073E-005	0.00000E+000	3.40000E-001	8.24289E-004	10	...........	-327.56
	675	67.6	3.49948E-001	2.08973E-005	0.00000E+000	3.50000E-001	8.31489E-004	10	...........	-327.56
	676	67.7	3.59927E-001	2.11753E-005	0.00000E+000	3.60000E-001	8.31489E-004	10	...........	-327.56
	677	67.8	3.69978E-001	2.12193E-005	0.00000E+000	3.70000E-001	8.34289E-004	10	...........	-327.56
	678	67.9	3.80088E-001	2.13193E-005	0.00000E+000	3.80000E-001	8.32689E-004	10	...........	-327.56
	679	68	3.89974E-001	2.14473E-005	0.00000E+000	3.90000E-001	8.36089E-004	10	...........	-327.56
	680	68.1	3.99752E-001	2.18553E-005	0.00000E+000	4.00000E-001	8.33889E-004	10	...........	-327.56
	681	68.2	4.09890E-001	2.19933E-005	0.00000E+000	4.10000E-001	8.31489E-004	10	...........	-327.56
	682	68.3	4.19984E-001	2.18793E-005	0.00000E+000	4.20000E-001	8.34689E-004	10	...........	-327.56
	683	68.4	4.29967E-001	2.27594E-005	0.00000E+000	4.30000E-001	8.28289E-004	10	...........	-327.56
	684	68.5	4.39943E-001	2.29294E-005	0.00000E+000	4.40000E-001	8.29889E-004	10	...........	-327.56
	685	68.6	4.49917E-001	2.35874E-005	0.00000E+000	4.50000E-001	8.36089E-004	10	...........	-327.56
	686	68.7	4.60047E-001	2.40014E-005	0.00000E+000	4.60000E-001	8.35689E-004	10	...........	-327.56
	687	68.8	4.70000E-001	2.43234E-005	0.00000E+000	4.70000E-001	8.35689E-004	10	...........	-327.56
	688	68.9	4.79942E-001	2.46874E-005	0.00000E+000	4.80000E-001	8.26889E-004	10	...........	-327.56
	689	69	4.90008E-001	2.49914E-005	0.00000E+000	4.90000E-001	8.34689E-004	10	...........	-327.56
	690	69.1	5.00072E-001	2.54795E-005	0.00000E+000	5.00000E-001	8.29289E-004	10	...........	-327.56
	691	69.2	5.09997E-001	2.57515E-005	0.00000E+000	5.10000E-001	8.32089E-004	10	...........	-327.56
	692	69.3	5.19960E-001	2.60435E-005	0.00000E+000	5.20000E-001	8.41489E-004	10	...........	-327.56
	693	69.4	5.29961E-001	2.63255E-005	0.00000E+000	5.30000E-001	8.23489E-004	10	...........	-327.56
	694	69.5	5.39994E-001	2.68175E-005	0.00000E+000	5.40000E-001	8.34889E-004	10	...........	-327.56
	695	69.6	5.49987E-001	2.74355E-005	0.00000E+000	5.50000E-001	8.43689E-004	10	...........	-327.56
	696	69.7	5.59935E-001	2.79496E-005	0.00000E+000	5.60000E-001	8.35489E-004	10	...........	-327.56
	697	69.8	5.69975E-001	2.85096E-005	0.00000E+000	5.70000E-001	8.42289E-004	10	...........	-327.56
	698	69.9	5.80049E-001	2.87256E-005	0.00000E+000	5.80000E-001	8.26089E-004	10	...........	-327.56
	699	70	5.89965E-001	2.91196E-005	0.00000E+000	5.90000E-001	8.34289E-004	10	...........	-327.56
	700	70.1	5.99961E-001	2.97416E-005	0.00000E+000	6.00000E-001	8.38089E-004	10	...........	-327.56
	701	70.2	6.09893E-001	3.04177E-005	0.00000E+000	6.10000E-001	8.30089E-004	10	...........	-327.56
	702	70.3	6.19994E-001	3.06657E-005	0.00000E+000	6.20000E-001	8.37289E-004	10	...........	-327.56
	703	70.4	6.29996E-001	3.10517E-005	0.00000E+000	6.30000E-001	8.26089E-004	10	...........	-327.56
	704	70.5	6.39937E-001	3.12977E-005	0.00000E+000	6.40000E-001	8.24489E-004	10	...........	-327.56
	705	70.6	6.49952E-001	3.13557E-005	0.00000E+000	6.50000E-001	8.30289E-004	10	...........	-327.56
	706	70.7	6.59930E-001	3.16437E-005	0.00000E+000	6.60000E-001	8.29689E-004	10	...........	-327.56
	707	70.8	6.69974E-001	3.18237E-005	0.00000E+000	6.70000E-001	8.37089E-004	10	...........	-327.56
	708	70.9	6.79849E-001	3.20037E-005	0.00000E+000	6.80000E-001	8.34689E-004	10	...........	-327.56
	709	71	6.89873E-001	3.22117E-005	0.00000E+000	6.90000E-001	8.24689E-004	10	...........	-327.56
	710	71.1	6.99987E-001	3.22417E-005	0.00000E+000	7.00000E-001	8.29889E-004	10	...........	-327.56
	711	71.2	7.09968E-001	3.25157E-005	0.00000E+000	7.10000E-001	8.29289E-004	10	...........	-327.56
	712	71.3	7.19935E-001	3.34818E-005	0.00000E+000	7.20000E-001	8.27689E-004	10	...........	-327.56
	713	71.4	7.29998E-001	3.38218E-005	0.00000E+000	7.30000E-001	8.28089E-004	10	...........	-327.56
	714	71.5	7.39918E-001	3.41298E-005	0.00000E+000	7.40000E-001	8.34889E-004	10	...........	-327.56
	715	71.6	7.49966E-001	3.50478E-005	0.00000E+000	7.50000E-001	8.27089E-004	10	...........	-327.56
	716	71.7	7.59774E-001	3.53298E-005	0.00000E+000	7.60000E-001	8.34089E-004	10	...........	-327.56
	717	71.8	7.69882E-001	3.60399E-005	0.00000E+000	7.70000E-001	8.39489E-004	10	...........	-327.56
	718	71.9	7.79960E-001	3.68739E-005	0.00000E+000	7.80000E-001	8.41489E-004	10	...........	-327.56
	719	72	7.89958E-001	3.70919E-005	0.00000E+000	7.90000E-001	8.23089E-004	10	...........	-327.56
	720	72.1	7.99958E-001	3.77199E-005	0.00000E+000	8.00000E-001	8.40289E-004	10	...........	-327.56
	721	72.2	7.89960E-001	3.17297E-005	0.00000E+000	7.90000E-001	8.31489E-004	10	...........	-327.56
	722	72.3	7.79988E-001	2.82036E-005	0.00000E+000	7.80000E-001	8.34089E-004	10	...........	-327.56
	723	72.4	7.69957E-001	2.41074E-005	0.00000E+000	7.70000E-001	8.37689E-004	10	...........	-327.56
	724	72.5	7.59689E-001	2.11153E-005	0.00000E+000	7.60000E-001	8.34689E-004	10	...........	-327.56
	725	72.6	7.49972E-001	1.91372E-005	0.00000E+000	7.50000E-001	8.29689E-004	10	...........	-327.56
	726	72.7	7.39893E-001	1.68771E-005	0.00000E+000	7.40000E-001	8.35089E-004	10	...........	-327.56
	727	72.8	7.30101E-001	1.52271E-005	0.00000E+000	7.30000E-001	8.26689E-004	10	...........	-327.56
	728	72.9	7.19951E-001	1.33430E-005	0.00000E+000	7.20000E-001	8.34689E-004	10	...........	-327.56
	729	73	7.10187E-001	1.17290E-005	0.00000E+000	7.10000E-001	8.23489E-004	10	...........	-327.56
	730	73.1	6.99976E-001	1.08689E-005	0.00000E+000	7.00000E-001	8.26689E-004	10	...........	-327.56
	731	73.2	6.90062E-001	1.00409E-005	0.00000E+000	6.90000E-001	8.30489E-004	10	...........	-327.56
	732	73.3	6.79953E-001	9.51487E-006	0.00000E+000	6.80000E-001	8.21089E-004	10	...........	-327.56
	733	73.4	6.70064E-001	9.34086E-006	0.00000E+000	6.70000E-001	8.32289E-004	10	...........	-327.56
	734	73.5	6.59965E-001	8.49083E-006	0.00000E+000	6.60000E-001	8.29889E-004	10	...........	-327.56
	735	73.6	6.50007E-001	7.79681E-006	0.00000E+000	6.50000E-001	8.32289E-004	10	...........	-327.56
	736	73.7	6.39958E-001	7.86881E-006	0.00000E+000	6.40000E-001	8.32689E-004	10	...........	-327.56
	737	73.8	6.30103E-001	7.13278E-006	0.00000E+000	6.30000E-001	8.34689E-004	10	...........	-327.56
	738	73.9	6.19957E-001	6.36875E-006	0.00000E+000	6.20000E-001	8.31489E-004	10	...........	-327.56
	739	74	6.09860E-001	5.51072E-006	0.00000E+000	6.10000E-001	8.34689E-004	10	...........	-327.56
	740	74.1	5.99965E-001	5.14071E-006	0.00000E+000	6.00000E-001	8.41689E-004	10	...........	-327.56
	741	74.2	5.89959E-001	4.67269E-006	0.00000E+000	5.90000E-001	8.33489E-004	10	...........	-327.56
	742	74.3	5.79832E-001	4.55069E-006	0.00000E+000	5.80000E-001	8.32289E-004	10	...........	-327.56
	743	74.4	5.69929E-001	4.79069E-006	0.00000E+000	5.70000E-001	8.31089E-004	10	...........	-327.56
	744	74.5	5.59932E-001	4.57669E-006	0.00000E+000	5.60000E-001	8.30889E-004	10	...........	-327.56
	745	74.6	5.49976E-001	4.17067E-006	0.00000E+000	5.50000E-001	8.37089E-004	10	...........	-327.56
	746	74.7	5.39881E-001	3.99666E-006	0.00000E+000	5.40000E-001	8.32689E-004	10	...........	-327.56
	747	74.8	5.29804E-001	4.01467E-006	0.00000E+000	5.30000E-001	8.31089E-004	10	...........	-327.56
	748	74.9	5.19951E-001	3.48265E-006	0.00000E+000	5.20000E-001	8.39089E-004	10	...........	-327.56
	749	75	5.09955E-001	3.33064E-006	0.00000E+000	5.10000E-001	8.32489E-004	10	...........	-327.56
	750	75.1	4.99777E-001	3.41464E-006	0.00000E+000	5.00000E-001	8.32489E-004	10	...........	-327.56
	751	75.2	4.89892E-001	3.04063E-006	0.00000E+000	4.90000E-001	8.37889E-004	10	...........	-327.56
	752	75.3	4.79939E-001	2.53061E-006	0.00000E+000	4.80000E-001	8.25089E-004	10	...........	-327.56
	753	75.4	4.69984E-001	2.49061E-006	0.00000E+000	4.70000E-001	8.34489E-004	10	...........	-327.56
	754	75.5	4.59890E-001	2.18660E-006	0.00000E+000	4.60000E-001	8.25889E-004	10	...........	-327.56
	755	75.6	4.49824E-001	2.04859E-006	0.00000E+000	4.50000E-001	8.41089E-004	10	...........	-327.56
	756	75.7	4.39950E-001	2.07259E-006	0.00000E+000	4.40000E-001	8.31689E-004	10	...........	-327.56
	757	75.8	4.29978E-001	1.70258E-006	0.00000E+000	4.30000E-001	8.31689E-004	10	...........	-327.56
	758	75.9	4.19970E-001	1.69658E-006	0.00000E+000	4.20000E-001	8.25489E-004	10	...........	-327.56
	759	76	4.09886E-001	1.94259E-006	0.00000E+000	4.10000E-001	8.35689E-004	10	...........	-327.56
	760	76.1	3.99851E-001	1.31857E-006	0.00000E+000	4.00000E-001	8.32489E-004	10	...........	-327.56
	761	76.2	3.90005E-001	1.34857E-006	0.00000E+000	3.90000E-001	8.40289E-004	10	...........	-327.56
	762	76.3	3.79947E-001	9.02550E-007	0.00000E+000	3.80000E-001	8.33289E-004	10	...........	-327.56
	763	76.4	3.69993E-001	7.72545E-007	0.00000E+000	3.70000E-001	8.34089E-004	10	...........	-327.56
	764	76.5	3.59962E-001	6.84541E-007	0.00000E+000	3.60000E-001	8.31889E-004	10	...........	-327.56
	765	76.6	3.49980E-001	4.00531E-007	0.00000E+000	3.50000E-001	8.42289E-004	10	...........	-327.56
	766	76.7	3.39971E-001	6.16539E-007	0.00000E+000	3.40000E-001	8.34089E-004	10	...........	-327.56
	767	76.8	3.29903E-001	3.18528E-007	0.00000E+000	3.30000E-001	8.22689E-004	10	...........	-327.56
	768	76.9	3.19990E-001	4.80534E-007	0.00000E+000	3.20000E-001	8.35489E-004	10	...........	-327.56
	769	77	3.10029E-001	1.10520E-007	0.00000E+000	3.10000E-001	8.35289E-004	10	...........	-327.56
	770	77.1	2.99947E-001	2.65169E-008	0.00000E+000	3.00000E-001	8.36289E-004	10	...........	-327.56
	771	77.2	2.89987E-001	-6.74867E-008	0.00000E+000	2.90000E-001	8.33689E-004	10	...........	-327.56
	772	77.3	2.79966E-001	-4.34858E-008	0.00000E+000	2.80000E-001	8.26889E-004	10	...........	-327.56
	773	77.4	2.69970E-001	-3.47497E-007	0.00000E+000	2.70000E-001	8.31089E-004	10	...........	-327.56
	774	77.5	2.59976E-001	-4.35500E-007	0.00000E+000	2.60000E-001	8.26889E-004	10	...........	-327.56
	775	77.6	2.49888E-001	-4.75502E-007	0.00000E+000	2.50000E-001	8.31689E-004	10	...........	-327.56
	776	77.7	2.39987E-001	-7.35512E-007	0.00000E+000	2.40000E-001	8.33889E-004	10	...........	-327.56
	777	77.8	2.30106E-001	-8.01514E-007	0.00000E+000	2.30000E-001	8.40689E-004	10	...........	-327.56
	778	77.9	2.19935E-001	-1.05752E-006	0.00000E+000	2.20000E-001	8.29689E-004	10	...........	-327.56
	779	78	2.09980E-001	-1.13553E-006	0.00000E+000	2.10000E-001	8.42089E-004	10	...........	-327.56
	780	78.1	1.99941E-001	-1.30353E-006	0.00000E+000	2.00000E-001	8.26489E-004	10	...........	-327.56
	781	78.2	1.90003E-001	-1.49954E-006	0.00000E+000	1.90000E-001	8.39289E-004	10	...........	-327.56
	782	78.3	1.79949E-001	-1.79155E-006	0.00000E+000	1.80000E-001	8.25689E-004	10	...........	-327.56
	783	78.4	1.69892E-001	-2.13556E-006	0.00000E+000	1.70000E-001	8.42289E-004	10	...........	-327.56
	784	78.5	1.59976E-001	-2.54358E-006	0.00000E+000	1.60000E-001	8.36289E-004	10	...........	-327.56
	785	78.6	1.50048E-001	-2.53558E-006	0.00000E+000	1.50000E-001	8.35289E-004	10	...........	-327.56
	786	78.7	1.40000E-001	-3.42761E-006	0.00000E+000	1.40000E-001	8.38889E-004	10	...........	-327.56
	787	78.8	1.30009E-001	-3.57962E-006	0.00000E+000	1.30000E-001	8.35689E-004	10	...........	-327.56
	788	78.9	1.19947E-001	-3.41561E-006	0.00000E+000	1.20000E-001	8.34289E-004	10	...........	-327.56
	789	79	1.10010E-001	-4.03163E-006	0.00000E+000	1.10000E-001	8.41889E-004	10	...........	-327.56
	790	79.1	9.99489E-002	-4.47165E-006	0.00000E+000	1.00000E-001	8.30289E-004	10	...........	-327.56
	791	79.2	9.02527E-002	-4.98767E-006	0.00000E+000	9.00000E-002	8.28689E-004	10	...........	-327.56
	792	79.3	7.99662E-002	-5.76570E-006	0.00000E+000	8.00000E-002	8.33889E-004	10	...........	-327.56
	793	79.4	7.00983E-002	-6.26372E-006	0.00000E+000	7.00000E-002	8.36689E-004	10	...........	-327.56
	794	79.5	6.00164E-002	-6.82174E-006	0.00000E+000	6.00000E-002	8.33489E-004	10	...........	-327.56
	795	79.6	5.00030E-002	-7.75777E-006	0.00000E+000	5.00000E-002	8.40689E-004	10	...........	-327.56
	796	79.7	3.98601E-002	-8.02778E-006	0.00000E+000	4.00000E-002	8.29289E-004	10	...........	-327.56
	797	79.8	3.00262E-002	-8.89782E-006	0.00000E+000	3.00000E-002	8.36489E-004	10	...........	-327.56
	798	79.9	1.99360E-002	-9.24183E-006	0.00000E+000	2.00000E-002	8.32889E-004	10	...........	-327.56
	799	80	9.98258E-003	-9.77185E-006	0.00000E+000	1.00000E-002	8.38889E-004	10	...........	-327.56
	800	80.1	-9.16192E-005	-1.04679E-005	0.00000E+000	0.00000E+000	8.34889E-004	10	...........	-327.56
	801	80.2	-1.00268E-002	-1.04839E-005	0.00000E+000	-1.00000E-002	8.32889E-004	10	...........	-327.56
	802	80.3	-2.00822E-002	-1.11279E-005	0.00000E+000	-2.00000E-002	8.40689E-004	10	...........	-327.56
	803	80.4	-3.01435E-002	-1.20319E-005	0.00000E+000	-3.00000E-002	8.42489E-004	10	...........	-327.56
	804	80.5	-4.00419E-002	-1.30980E-005	0.00000E+000	-4.00000E-002	8.37489E-004	10	...........	-327.56
	805	80.6	-5.00312E-002	-1.37700E-005	0.00000E+000	-5.00000E-002	8.40689E-004	10	...........	-327.56
	806	80.7	-6.01774E-002	-1.45440E-005	0.00000E+000	-6.00000E-002	8.37889E-004	10	...........	-327.56
	807	80.8	-7.00716E-002	-1.52681E-005	0.00000E+000	-7.00000E-002	8.35889E-004	10	...........	-327.56
	808	80.9	-8.00698E-002	-1.65401E-005	0.00000E+000	-8.00000E-002	8.35489E-004	10	...........	-327.56
	809	81	-9.00034E-002	-1.75981E-005	0.00000E+000	-9.00000E-002	8.39489E-004	10	...........	-327.56
	810	81.1	-1.00050E-001	-1.93602E-005	0.00000E+000	-1.00000E-001	8.31089E-004	10	...........	-327.56
	811	81.2	-1.10043E-001	-2.08403E-005	0.00000E+000	-1.10000E-001	8.27089E-004	10	...........	-327.56
	812	81.3	-1.20025E-001	-2.17883E-005	0.00000E+000	-1.20000E-001	8.32289E-004	10	...........	-327.56
	813	81.4	-1.29931E-001	-2.25763E-005	0.00000E+000	-1.30000E-001	8.33289E-004	10	...........	-327.56
	814	81.5	-1.40119E-001	-2.39264E-005	0.00000E+000	-1.40000E-001	8.36889E-004	10	...........	-327.56
	815	81.6	-1.50068E-001	-2.55784E-005	0.00000E+000	-1.50000E-001	8.37889E-004	10	...........	-327.56
	816	81.7	-1.60104E-001	-2.71885E-005	0.00000E+000	-1.60000E-001	8.26289E-004	10	...........	-327.56
	817	81.8	-1.70015E-001	-2.86506E-005	0.00000E+000	-1.70000E-001	8.31889E-004	10	...........	-327.56
	818	81.9	-1.80082E-001	-2.90826E-005	0.00000E+000	-1.80000E-001	8.33289E-004	10	...........	-327.56
	819	82	-1.90157E-001	-2.91186E-005	0.00000E+000	-1.90000E-001	8.34889E-004	10	...........	-327.56
	820	82.1	-2.00056E-001	-3.04286E-005	0.00000E+000	-2.00000E-001	8.35889E-004	10	...........	-327.56
	821	82.2	-2.10057E-001	-3.15507E-005	0.00000E+000	-2.10000E-001	8.30689E-004	10	...........	-327.56
	822	82.3	-2.20021E-001	-3.19107E-005	0.00000E+000	-2.20000E-001	8.46689E-004	10	...........	-327.56
	823	82.4	-2.30118E-001	-3.21327E-005	0.00000E+000	-2.30000E-001	8.35689E-004	10	...........	-327.56
	824	82.5	-2.40146E-001	-3.25767E-005	0.00000E+000	-2.40000E-001	8.43889E-004	10	...........	-327.56
	825	82.6	-2.50014E-001	-3.30167E-005	0.00000E+000	-2.50000E-001	8.37289E-004	10	...........	-327.56
	826	82.7	-2.60047E-001	-3.31247E-005	0.00000E+000	-2.60000E-001	8.40089E-004	10	...........	-327.56
	827	82.8	-2.70023E-001	-3.40628E-005	0.00000E+000	-2.70000E-001	8.39889E-004	10	...........	-327.56
	828	82.9	-2.80050E-001	-3.47708E-005	0.00000E+000	-2.80000E-001	8.37489E-004	10	...........	-327.56
	829	83	-2.90033E-001	-3.54968E-005	0.00000E+000	-2.90000E-001	8.35689E-004	10	...........	-327.56
	830	83.1	-3.00037E-001	-3.60768E-005	0.00000E+000	-3.00000E-001	8.28489E-004	10	...........	-327.56
	831	83.2	-3.10103E-001	-3.66408E-005	0.00000E+000	-3.10000E-001	8.38889E-004	10	...........	-327.56
	832	83.3	-3.20008E-001	-3.69849E-005	0.00000E+000	-3.20000E-001	8.43889E-004	10	...........	-327.56
	833	83.4	-3.30011E-001	-3.74469E-005	0.00000E+000	-3.30000E-001	8.40889E-004	10	...........	-327.56
	834	83.5	-3.39883E-001	-3.73069E-005	0.00000E+000	-3.40000E-001	8.37689E-004	10	...........	-327.56
	835	83.6	-3.50031E-001	-3.74309E-005	0.00000E+000	-3.50000E-001	8.38689E-004	10	...........	-327.56
	836	83.7	-3.60055E-001	-3.77469E-005	0.00000E+000	-3.60000E-001	8.36289E-004	10	...........	-327.56
	837	83.8	-3.70016E-001	-3.78089E-005	0.00000E+000	-3.70000E-001	8.29489E-004	10	...........	-327.56
	838	83.9	-3.80043E-001	-3.78629E-005	0.00000E+000	-3.80000E-001	8.36889E-004	10	...........	-327.56
	839	84	-3.90078E-001	-3.81869E-005	0.00000E+000	-3.90000E-001	8.42489E-004	10	...........	-327.56
	840	84.1	-4.00022E-001	-3.78069E-005	0.00000E+000	-4.00000E-001	8.38289E-004	10	...........	-327.56
	841	84.2	-4.10016E-001	-3.77689E-005	0.00000E+000	-4.10000E-001	8.39689E-004	10	...........	-327.56
	842	84.3	-4.19834E-001	-3.77129E-005	0.00000E+000	-4.20000E-001	8.41889E-004	10	...........	-327.56
	843	84.4	-4.30040E-001	-3.75789E-005	0.00000E+000	-4.30000E-001	8.40689E-004	10	...........	-327.56
	844	84.5	-4.40044E-001	-3.76449E-005	0.00000E+000	-4.40000E-001	8.28089E-004	10	...........	-327.56
	845	84.6	-4.49955E-001	-3.73069E-005	0.00000E+000	-4.50000E-001	8.48289E-004	10	...........	-327.56
	846	84.7	-4.60016E-001	-3.80729E-005	0.00000E+000	-4.60000E-001	8.33089E-004	10	...........	-327.56
	847	84.8	-4.70095E-001	-3.74009E-005	0.00000E+000	-4.70000E-001	8.37289E-004	10	...........	-327.56
	848	84.9	-4.80029E-001	-3.72509E-005	0.00000E+000	-4.80000E-001	8.29889E-004	10	...........	-327.56
	849	85	-4.90006E-001	-3.74849E-005	0.00000E+000	-4.90000E-001	8.43889E-004	10	...........	-327.56
	850	85.1	-5.00009E-001	-3.67989E-005	0.00000E+000	-5.00000E-001	8.50489E-004	10	...........	-327.56
	851	85.2	-5.10058E-001	-3.66369E-005	0.00000E+000	-5.10000E-001	8.40089E-004	10	...........	-327.56
	852	85.3	-5.20043E-001	-3.67329E-005	0.00000E+000	-5.20000E-001	8.34689E-004	10	...........	-327.56
	853	85.4	-5.29984E-001	-3.66469E-005	0.00000E+000	-5.30000E-001	8.40489E-004	10	...........	-327.56
	854	85.5	-5.39985E-001	-3.72369E-005	0.00000E+000	-5.40000E-001	8.42289E-004	10	...........	-327.56
	855	85.6	-5.49919E-001	-3.73669E-005	0.00000E+000	-5.50000E-001	8.38089E-004	10	...........	-327.56
	856	85.7	-5.60030E-001	-3.76069E-005	0.00000E+000	-5.60000E-001	8.35889E-004	10	...........	-327.56
	857	85.8	-5.69992E-001	-3.76889E-005	0.00000E+000	-5.70000E-001	8.34689E-004	10	...........	-327.56
	858	85.9	-5.79980E-001	-3.89009E-005	0.00000E+000	-5.80000E-001	8.42689E-004	10	...........	-327.56
	859	86	-5.90044E-001	-3.95190E-005	0.00000E+000	-5.90000E-001	8.37489E-004	10	...........	-327.56
	860	86.1	-6.00188E-001	-4.02050E-005	0.00000E+000	-6.00000E-001	8.43089E-004	10	...........	-327.56
	861	86.2	-6.10009E-001	-4.08770E-005	0.00000E+000	-6.10000E-001	8.35489E-004	10	...........	-327.56
	862	86.3	-6.20069E-001	-4.16390E-005	0.00000E+000	-6.20000E-001	8.38289E-004	10	...........	-327.56
	863	86.4	-6.30031E-001	-4.22611E-005	0.00000E+000	-6.30000E-001	8.45089E-004	10	...........	-327.56
	864	86.5	-6.40073E-001	-4.35971E-005	0.00000E+000	-6.40000E-001	8.32689E-004	10	...........	-327.56
	865	86.6	-6.50020E-001	-4.41031E-005	0.00000E+000	-6.50000E-001	8.42889E-004	10	...........	-327.56
	866	86.7	-6.60055E-001	-4.52832E-005	0.00000E+000	-6.60000E-001	8.30889E-004	10	...........	-327.56
	867	86.8	-6.70118E-001	-4.67472E-005	0.00000E+000	-6.70000E-001	8.36489E-004	10	...........	-327.56
	868	86.9	-6.80005E-001	-4.86033E-005	0.00000E+000	-6.80000E-001	8.35089E-004	10	...........	-327.56
	869	87	-6.90027E-001	-4.91433E-005	0.00000E+000	-6.90000E-001	8.37689E-004	10	...........	-327.56
	870	87.1	-7.00048E-001	-5.22154E-005	0.00000E+000	-7.00000E-001	8.38889E-004	10	...........	-327.56
	871	87.2	-7.10027E-001	-5.42095E-005	0.00000E+000	-7.10000E-001	8.38289E-004	10	...........	-327.56
	872	87.3	-7.20045E-001	-5.54676E-005	0.00000E+000	-7.20000E-001	8.40089E-004	10	...........	-327.56
	873	87.4	-7.29988E-001	-5.76676E-005	0.00000E+000	-7.30000E-001	8.30889E-004	10	...........	-327.56
	874	87.5	-7.40060E-001	-5.88177E-005	0.00000E+000	-7.40000E-001	8.35689E-004	10	...........	-327.56
	875	87.6	-7.50151E-001	-6.28978E-005	0.00000E+000	-7.50000E-001	8.41689E-004	10	...........	-327.56
	876	87.7	-7.60018E-001	-6.37099E-005	0.00000E+000	-7.60000E-001	8.30289E-004	10	...........	-327.56
	877	87.8	-7.70024E-001	-6.53599E-005	0.00000E+000	-7.70000E-001	8.39489E-004	10	...........	-327.56
	878	87.9	-7.80025E-001	-6.74600E-005	0.00000E+000	-7.80000E-001	8.33689E-004	10	...........	-327.56
	879	88	-7.90030E-001	-7.09481E-005	0.00000E+000	-7.90000E-001	8.40489E-004	10	...........	-327.56
	880	88.1	-8.00078E-001	-7.49263E-005	0.00000E+000	-8.00000E-001	8.35089E-004	10	...........	-327.56
CURVE4	TABLE
	Pt	T	Vf	Im	Vu	Sig	Ach	IERange	Over	Temp
	#	s	V vs. Ref.	A	V	V	V	#	bits	deg C
	881	88.2	-7.90043E-001	-6.70020E-005	0.00000E+000	-7.90000E-001	8.38489E-004	10	...........	-327.56
	882	88.3	-7.80236E-001	-6.11678E-005	0.00000E+000	-7.80000E-001	8.45289E-004	10	...........	-327.56
	883	88.4	-7.69982E-001	-5.47595E-005	0.00000E+000	-7.70000E-001	8.29289E-004	10	...........	-327.56
	884	88.5	-7.60021E-001	-5.07434E-005	0.00000E+000	-7.60000E-001	8.43089E-004	10	...........	-327.56
	885	88.6	-7.50136E-001	-4.50012E-005	0.00000E+000	-7.50000E-001	8.39089E-004	10	...........	-327.56
	886	88.7	-7.40022E-001	-4.11330E-005	0.00000E+000	-7.40000E-001	8.37689E-004	10	...........	-327.56
	887	88.8	-7.29946E-001	-3.69849E-005	0.00000E+000	-7.30000E-001	8.36089E-004	10	...........	-327.56
	888	88.9	-7.20043E-001	-3.37167E-005	0.00000E+000	-7.20000E-001	8.34489E-004	10	...........	-327.56
	889	89	-7.10052E-001	-3.20387E-005	0.00000E+000	-7.10000E-001	8.36689E-004	10	...........	-327.56
	890	89.1	-7.00113E-001	-3.08306E-005	0.00000E+000	-7.00000E-001	8.37289E-004	10	...........	-327.56
	891	89.2	-6.90059E-001	-2.73805E-005	0.00000E+000	-6.90000E-001	8.40489E-004	10	...........	-327.56
	892	89.3	-6.80030E-001	-2.49164E-005	0.00000E+000	-6.80000E-001	8.40089E-004	10	...........	-327.56
	893	89.4	-6.70036E-001	-2.32284E-005	0.00000E+000	-6.70000E-001	8.35489E-004	10	...........	-327.56
	894	89.5	-6.60030E-001	-2.20363E-005	0.00000E+000	-6.60000E-001	8.40889E-004	10	...........	-327.56
	895	89.6	-6.49953E-001	-1.97942E-005	0.00000E+000	-6.50000E-001	8.47089E-004	10	...........	-327.56
	896	89.7	-6.40055E-001	-1.92902E-005	0.00000E+000	-6.40000E-001	8.38689E-004	10	...........	-327.56
	897	89.8	-6.30032E-001	-1.80482E-005	0.00000E+000	-6.30000E-001	8.44089E-004	10	...........	-327.56
	898	89.9	-6.20075E-001	-1.69341E-005	0.00000E+000	-6.20000E-001	8.39289E-004	10	...........	-327.56
	899	90	-6.10005E-001	-1.60701E-005	0.00000E+000	-6.10000E-001	8.40089E-004	10	...........	-327.56
	900	90.1	-6.00177E-001	-1.54241E-005	0.00000E+000	-6.00000E-001	8.43489E-004	10	...........	-327.56
	901	90.2	-5.90093E-001	-1.45800E-005	0.00000E+000	-5.90000E-001	8.33289E-004	10	...........	-327.56
	902	90.3	-5.80020E-001	-1.38180E-005	0.00000E+000	-5.80000E-001	8.35289E-004	10	...........	-327.56
	903	90.4	-5.70041E-001	-1.37180E-005	0.00000E+000	-5.70000E-001	8.42689E-004	10	...........	-327.56
	904	90.5	-5.60040E-001	-1.31320E-005	0.00000E+000	-5.60000E-001	8.39889E-004	10	...........	-327.56
	905	90.6	-5.50042E-001	-1.29260E-005	0.00000E+000	-5.50000E-001	8.41289E-004	10	...........	-327.56
	906	90.7	-5.40070E-001	-1.28760E-005	0.00000E+000	-5.40000E-001	8.42489E-004	10	...........	-327.56
	907	90.8	-5.30007E-001	-1.25320E-005	0.00000E+000	-5.30000E-001	8.35689E-004	10	...........	-327.56
	908	90.9	-5.20201E-001	-1.26220E-005	0.00000E+000	-5.20000E-001	8.32889E-004	10	...........	-327.56
	909	91	-5.10121E-001	-1.27440E-005	0.00000E+000	-5.10000E-001	8.36889E-004	10	...........	-327.56
	910	91.1	-5.00018E-001	-1.28700E-005	0.00000E+000	-5.00000E-001	8.46289E-004	10	...........	-327.56
	911	91.2	-4.90047E-001	-1.21979E-005	0.00000E+000	-4.90000E-001	8.46889E-004	10	...........	-327.56
	912	91.3	-4.80047E-001	-1.23739E-005	0.00000E+000	-4.80000E-001	8.45689E-004	10	...........	-327.56
	913	91.4	-4.70168E-001	-1.19359E-005	0.00000E+000	-4.70000E-001	8.42489E-004	10	...........	-327.56
	914	91.5	-4.60146E-001	-1.15879E-005	0.00000E+000	-4.60000E-001	8.30489E-004	10	...........	-327.56
	915	91.6	-4.50005E-001	-1.13019E-005	0.00000E+000	-4.50000E-001	8.38489E-004	10	...........	-327.56
	916	91.7	-4.40128E-001	-1.10699E-005	0.00000E+000	-4.40000E-001	8.36289E-004	10	...........	-327.56
	917	91.8	-4.30063E-001	-1.09299E-005	0.00000E+000	-4.30000E-001	8.42089E-004	10	...........	-327.56
	918	91.9	-4.19919E-001	-1.02219E-005	0.00000E+000	-4.20000E-001	8.43489E-004	10	...........	-327.56
	919	92	-4.10024E-001	-9.73185E-006	0.00000E+000	-4.10000E-001	8.39689E-004	10	...........	-327.56
	920	92.1	-4.00046E-001	-9.76185E-006	0.00000E+000	-4.00000E-001	8.43889E-004	10	...........	-327.56
	921	92.2	-3.90150E-001	-9.29983E-006	0.00000E+000	-3.90000E-001	8.34289E-004	10	...........	-327.56
	922	92.3	-3.80059E-001	-8.73181E-006	0.00000E+000	-3.80000E-001	8.41489E-004	10	...........	-327.56
	923	92.4	-3.70010E-001	-8.60181E-006	0.00000E+000	-3.70000E-001	8.42089E-004	10	...........	-327.56
	924	92.5	-3.60073E-001	-7.74377E-006	0.00000E+000	-3.60000E-001	8.45889E-004	10	...........	-327.56
	925	92.6	-3.50022E-001	-6.96974E-006	0.00000E+000	-3.50000E-001	8.42089E-004	10	...........	-327.56
	926	92.7	-3.39959E-001	-6.17171E-006	0.00000E+000	-3.40000E-001	8.38089E-004	10	...........	-327.56
	927	92.8	-3.30014E-001	-5.69970E-006	0.00000E+000	-3.30000E-001	8.35489E-004	10	...........	-327.56
	928	92.9	-3.20009E-001	-5.14768E-006	0.00000E+000	-3.20000E-001	8.45289E-004	10	...........	-327.56
	929	93	-3.10057E-001	-4.76366E-006	0.00000E+000	-3.10000E-001	8.38689E-004	10	...........	-327.56
	930	93.1	-3.00041E-001	-4.17764E-006	0.00000E+000	-3.00000E-001	8.34889E-004	10	...........	-327.56
	931	93.2	-2.90083E-001	-2.83359E-006	0.00000E+000	-2.90000E-001	8.40889E-004	10	...........	-327.56
	932	93.3	-2.80071E-001	-2.04756E-006	0.00000E+000	-2.80000E-001	8.35089E-004	10	...........	-327.56
	933	93.4	-2.70056E-001	-1.62354E-006	0.00000E+000	-2.70000E-001	8.38889E-004	10	...........	-327.56
	934	93.5	-2.60109E-001	-1.05552E-006	0.00000E+000	-2.60000E-001	8.46089E-004	10	...........	-327.56
	935	93.6	-2.50040E-001	-4.31500E-007	0.00000E+000	-2.50000E-001	8.40289E-004	10	...........	-327.56
	936	93.7	-2.40141E-001	-3.69498E-007	0.00000E+000	-2.40000E-001	8.44089E-004	10	...........	-327.56
	937	93.8	-2.30122E-001	-1.99492E-007	0.00000E+000	-2.30000E-001	8.37489E-004	10	...........	-327.56
	938	93.9	-2.20053E-001	3.34528E-007	0.00000E+000	-2.20000E-001	8.41289E-004	10	...........	-327.56
	939	94	-2.10080E-001	7.80545E-007	0.00000E+000	-2.10000E-001	8.35289E-004	10	...........	-327.56
	940	94.1	-2.00067E-001	1.47457E-006	0.00000E+000	-2.00000E-001	8.45289E-004	10	...........	-327.56
	941	94.2	-1.90201E-001	2.58061E-006	0.00000E+000	-1.90000E-001	8.36689E-004	10	...........	-327.56
	942	94.3	-1.80114E-001	3.04463E-006	0.00000E+000	-1.80000E-001	8.36089E-004	10	...........	-327.56
	943	94.4	-1.70036E-001	3.91266E-006	0.00000E+000	-1.70000E-001	8.40689E-004	10	...........	-327.56
	944	94.5	-1.60085E-001	4.69669E-006	0.00000E+000	-1.60000E-001	8.41089E-004	10	...........	-327.56
	945	94.6	-1.50095E-001	4.61069E-006	0.00000E+000	-1.50000E-001	8.39489E-004	10	...........	-327.56
	946	94.7	-1.40146E-001	5.75873E-006	0.00000E+000	-1.40000E-001	8.44689E-004	10	...........	-327.56
	947	94.8	-1.30013E-001	6.49476E-006	0.00000E+000	-1.30000E-001	8.42489E-004	10	...........	-327.56
	948	94.9	-1.20029E-001	7.80681E-006	0.00000E+000	-1.20000E-001	8.43289E-004	10	...........	-327.56
	949	95	-1.10074E-001	8.68884E-006	0.00000E+000	-1.10000E-001	8.35689E-004	10	...........	-327.56
	950	95.1	-1.00051E-001	9.07285E-006	0.00000E+000	-1.00000E-001	8.31889E-004	10	...........	-327.56
	951	95.2	-9.00172E-002	9.35287E-006	0.00000E+000	-9.00000E-002	8.39889E-004	10	...........	-327.56
	952	95.3	-8.00624E-002	9.40887E-006	0.00000E+000	-8.00000E-002	8.37689E-004	10	...........	-327.56
	953	95.4	-7.00616E-002	1.00049E-005	0.00000E+000	-7.00000E-002	8.39889E-004	10	...........	-327.56
	954	95.5	-6.00738E-002	1.07089E-005	0.00000E+000	-6.00000E-002	8.35689E-004	10	...........	-327.56
	955	95.6	-5.00395E-002	1.11569E-005	0.00000E+000	-5.00000E-002	8.43289E-004	10	...........	-327.56
	956	95.7	-4.00334E-002	1.17490E-005	0.00000E+000	-4.00000E-002	8.38489E-004	10	...........	-327.56
	957	95.8	-3.00734E-002	1.21490E-005	0.00000E+000	-3.00000E-002	8.28289E-004	10	...........	-327.56
	958	95.9	-2.00467E-002	1.25090E-005	0.00000E+000	-2.00000E-002	8.40889E-004	10	...........	-327.56
	959	96	-1.00911E-002	1.27410E-005	0.00000E+000	-1.00000E-002	8.43489E-004	10	...........	-327.56
	960	96.1	-6.99192E-005	1.35210E-005	0.00000E+000	0.00000E+000	8.29889E-004	10	...........	-327.56
	961	96.2	9.99938E-003	1.32170E-005	0.00000E+000	1.00000E-002	8.37489E-004	10	...........	-327.56
	962	96.3	1.99703E-002	1.41630E-005	0.00000E+000	2.00000E-002	8.42489E-004	10	...........	-327.56
	963	96.4	3.00548E-002	1.41770E-005	0.00000E+000	3.00000E-002	8.29889E-004	10	...........	-327.56
	964	96.5	3.99000E-002	1.42230E-005	0.00000E+000	4.00000E-002	8.34489E-004	10	...........	-327.56
	965	96.6	5.00421E-002	1.47571E-005	0.00000E+000	5.00000E-002	8.40889E-004	10	...........	-327.56
	966	96.7	5.99979E-002	1.50231E-005	0.00000E+000	6.00000E-002	8.31289E-004	10	...........	-327.56
	967	96.8	7.00986E-002	1.53471E-005	0.00000E+000	7.00000E-002	8.35089E-004	10	...........	-327.56
	968	96.9	7.99607E-002	1.59111E-005	0.00000E+000	8.00000E-002	8.37689E-004	10	...........	-327.56
	969	97	9.01046E-002	1.57911E-005	0.00000E+000	9.00000E-002	8.29089E-004	10	...........	-327.56
	970	97.1	9.99426E-002	1.61251E-005	0.00000E+000	1.00000E-001	8.41889E-004	10	...........	-327.56
	971	97.2	1.09994E-001	1.65131E-005	0.00000E+000	1.10000E-001	8.37689E-004	10	...........	-327.56
	972	97.3	1.19868E-001	1.74792E-005	0.00000E+000	1.20000E-001	8.23689E-004	10	...........	-327.56
	973	97.4	1.29895E-001	1.79192E-005	0.00000E+000	1.30000E-001	8.36889E-004	10	...........	-327.56
	974	97.5	1.40009E-001	1.85332E-005	0.00000E+000	1.40000E-001	8.34889E-004	10	...........	-327.56
	975	97.6	1.49951E-001	1.82072E-005	0.00000E+000	1.50000E-001	8.36089E-004	10	...........	-327.56
	976	97.7	1.59964E-001	1.80692E-005	0.00000E+000	1.60000E-001	8.39689E-004	10	...........	-327.56
	977	97.8	1.69817E-001	1.81692E-005	0.00000E+000	1.70000E-001	8.29689E-004	10	...........	-327.56
	978	97.9	1.79889E-001	1.83072E-005	0.00000E+000	1.80000E-001	8.37089E-004	10	...........	-327.56
	979	98	1.90004E-001	1.84352E-005	0.00000E+000	1.90000E-001	8.42089E-004	10	...........	-327.56
	980	98.1	1.99905E-001	1.65411E-005	0.00000E+000	2.00000E-001	8.36289E-004	10	...........	-327.56
	981	98.2	2.09968E-001	1.73572E-005	0.00000E+000	2.10000E-001	8.39289E-004	10	...........	-327.56
	982	98.3	2.19860E-001	1.77532E-005	0.00000E+000	2.20000E-001	8.31489E-004	10	...........	-327.56
	983	98.4	2.29959E-001	1.78432E-005	0.00000E+000	2.30000E-001	8.45089E-004	10	...........	-327.56
	984	98.5	2.39975E-001	1.82992E-005	0.00000E+000	2.40000E-001	8.33289E-004	10	...........	-327.56
	985	98.6	2.49841E-001	1.86432E-005	0.00000E+000	2.50000E-001	8.39889E-004	10	...........	-327.56
	986	98.7	2.59961E-001	1.85592E-005	0.00000E+000	2.60000E-001	8.40889E-004	10	...........	-327.56
	987	98.8	2.69958E-001	1.90572E-005	0.00000E+000	2.70000E-001	8.38489E-004	10	...........	-327.56
	988	98.9	2.79931E-001	1.90172E-005	0.00000E+000	2.80000E-001	8.33289E-004	10	...........	-327.56
	989	99	2.89960E-001	2.01813E-005	0.00000E+000	2.90000E-001	8.36689E-004	10	...........	-327.56
	990	99.1	3.00082E-001	1.99753E-005	0.00000E+000	3.00000E-001	8.33289E-004	10	...........	-327.56
	991	99.2	3.09958E-001	2.01893E-005	0.00000E+000	3.10000E-001	8.39089E-004	10	...........	-327.56
	992	99.3	3.19975E-001	2.00493E-005	0.00000E+000	3.20000E-001	8.34489E-004	10	...........	-327.56
	993	99.4	3.29848E-001	1.96372E-005	0.00000E+000	3.30000E-001	8.39489E-004	10	...........	-327.56
	994	99.5	3.39959E-001	2.02873E-005	0.00000E+000	3.40000E-001	8.39089E-004	10	...........	-327.56
	995	99.6	3.49945E-001	2.04893E-005	0.00000E+000	3.50000E-001	8.32689E-004	10	...........	-327.56
	996	99.7	3.59923E-001	2.03793E-005	0.00000E+000	3.60000E-001	8.36489E-004	10	...........	-327.56
	997	99.8	3.69978E-001	2.10013E-005	0.00000E+000	3.70000E-001	8.32089E-004	10	...........	-327.56
	998	99.9	3.80079E-001	2.10593E-005	0.00000E+000	3.80000E-001	8.41289E-004	10	...........	-327.56
	999	100	3.89969E-001	2.14853E-005	0.00000E+000	3.90000E-001	8.34289E-004	10	...........	-327.56
	1000	100.1	3.99760E-001	2.22133E-005	0.00000E+000	4.00000E-001	8.43489E-004	10	...........	-327.56
	1001	100.2	4.09887E-001	2.22593E-005	0.00000E+000	4.10000E-001	8.41489E-004	10	...........	-327.56
	1002	100.3	4.19976E-001	2.26834E-005	0.00000E+000	4.20000E-001	8.33689E-004	10	...........	-327.56
	1003	100.4	4.29957E-001	2.25234E-005	0.00000E+000	4.30000E-001	8.37089E-004	10	...........	-327.56
	1004	100.5	4.39942E-001	2.24174E-005	0.00000E+000	4.40000E-001	8.41889E-004	10	...........	-327.56
	1005	100.6	4.49939E-001	2.34534E-005	0.00000E+000	4.50000E-001	8.34289E-004	10	...........	-327.56
	1006	100.7	4.60053E-001	2.37174E-005	0.00000E+000	4.60000E-001	8.40889E-004	10	...........	-327.56
	1007	100.8	4.69988E-001	2.39534E-005	0.00000E+000	4.70000E-001	8.35889E-004	10	...........	-327.56
	1008	100.9	4.79932E-001	2.38054E-005	0.00000E+000	4.80000E-001	8.32289E-004	10	...........	-327.56
	1009	101	4.89984E-001	2.44794E-005	0.00000E+000	4.90000E-001	8.41289E-004	10	...........	-327.56
	1010	101.1	5.00020E-001	2.45934E-005	0.00000E+000	5.00000E-001	8.29289E-004	10	...........	-327.56
	1011	101.2	5.09994E-001	2.47594E-005	0.00000E+000	5.10000E-001	8.34489E-004	10	...........	-327.56
	1012	101.3	5.19957E-001	2.47634E-005	0.00000E+000	5.20000E-001	8.37089E-004	10	...........	-327.56
	1013	101.4	5.29953E-001	2.55055E-005	0.00000E+000	5.30000E-001	8.35889E-004	10	...........	-327.56
	1014	101.5	5.39984E-001	2.61815E-005	0.00000E+000	5.40000E-001	8.41489E-004	10	...........	-327.56
	1015	101.6	5.49990E-001	2.59055E-005	0.00000E+000	5.50000E-001	8.33489E-004	10	...........	-327.56
	1016	101.7	5.59936E-001	2.72475E-005	0.00000E+000	5.60000E-001	8.27689E-004	10	...........	-327.56
	1017	101.8	5.69958E-001	2.71295E-005	0.00000E+000	5.70000E-001	8.35289E-004	10	...........	-327.56
	1018	101.9	5.80046E-001	2.75435E-005	0.00000E+000	5.80000E-001	8.43689E-004	10	...........	-327.56
	1019	102	5.89978E-001	2.79316E-005	0.00000E+000	5.90000E-001	8.29689E-004	10	...........	-327.56
	1020	102.1	5.99960E-001	2.82576E-005	0.00000E+000	6.00000E-001	8.34689E-004	10	...........	-327.56
	1021	102.2	6.09920E-001	2.92136E-005	0.00000E+000	6.10000E-001	8.33689E-004	10	...........	-327.56
	1022	102.3	6.19980E-001	2.96296E-005	0.00000E+000	6.20000E-001	8.34089E-004	10	...........	-327.56
	1023	102.4	6.30015E-001	2.96536E-005	0.00000E+000	6.30000E-001	8.40489E-004	10	...........	-327.56
	1024	102.5	6.39938E-001	3.07557E-005	0.00000E+000	6.40000E-001	8.35089E-004	10	...........	-327.56
	1025	102.6	6.49949E-001	3.01616E-005	0.00000E+000	6.50000E-001	8.31089E-004	10	...........	-327.56
	1026	102.7	6.59940E-001	3.08797E-005	0.00000E+000	6.60000E-001	8.36689E-004	10	...........	-327.56
	1027	102.8	6.69974E-001	3.09437E-005	0.00000E+000	6.70000E-001	8.36889E-004	10	...........	-327.56
	1028	102.9	6.79871E-001	3.10977E-005	0.00000E+000	6.80000E-001	8.38489E-004	10	...........	-327.56
	1029	103	6.89891E-001	3.11717E-005	0.00000E+000	6.90000E-001	8.34889E-004	10	...........	-327.56
	1030	103.1	6.99988E-001	3.12417E-005	0.00000E+000	7.00000E-001	8.28489E-004	10	...........	-327.56
	1031	103.2	7.09948E-001	3.16217E-005	0.00000E+000	7.10000E-001	8.39889E-004	10	...........	-327.56
	1032	103.3	7.19934E-001	3.18397E-005	0.00000E+000	7.20000E-001	8.28889E-004	10	...........	-327.56
	1033	103.4	7.29978E-001	3.18137E-005	0.00000E+000	7.30000E-001	8.29889E-004	10	...........	-327.56
	1034	103.5	7.39922E-001	3.19897E-005	0.00000E+000	7.40000E-001	8.35889E-004	10	...........	-327.56
	1035	103.6	7.49974E-001	3.17997E-005	0.00000E+000	7.50000E-001	8.32489E-004	10	...........	-327.56
	1036	103.7	7.59851E-001	3.23737E-005	0.00000E+000	7.60000E-001	8.35889E-004	10	...........	-327.56
	1037	103.8	7.69863E-001	3.23637E-005	0.00000E+000	7.70000E-001	8.35289E-004	10	...........	-327.56
	1038	103.9	7.79979E-001	3.32178E-005	0.00000E+000	7.80000E-001	8.37689E-004	10	...........	-327.56
	1039	104	7.89959E-001	3.30958E-005	0.00000E+000	7.90000E-001	8.38889E-004	10	...........	-327.56
	1040	104.1	7.99939E-001	3.41058E-005	0.00000E+000	8.00000E-001	8.30289E-004	10	...........	-327.56
	1041	104.2	7.89958E-001	3.18957E-005	0.00000E+000	7.90000E-001	8.35689E-004	10	...........	-327.56
	1042	104.3	7.79976E-001	2.96416E-005	0.00000E+000	7.80000E-001	8.33889E-004	10	...........	-327.56
	1043	104.4	7.69960E-001	2.49894E-005	0.00000E+000	7.70000E-001	8.31289E-004	10	...........	-327.56
	1044	104.5	7.59780E-001	2.29754E-005	0.00000E+000	7.60000E-001	8.37289E-004	10	...........	-327.56
	1045	104.6	7.49965E-001	2.13293E-005	0.00000E+000	7.50000E-001	8.31089E-004	10	...........	-327.56
	1046	104.7	7.39871E-001	1.89412E-005	0.00000E+000	7.40000E-001	8.33489E-004	10	...........	-327.56
	1047	104.8	7.29979E-001	1.73912E-005	0.00000E+000	7.30000E-001	8.30089E-004	10	...........	-327.56
	1048	104.9	7.19924E-001	1.62711E-005	0.00000E+000	7.20000E-001	8.30089E-004	10	...........	-327.56
	1049	105	7.10039E-001	1.54071E-005	0.00000E+000	7.10000E-001	8.42889E-004	10	...........	-327.56
	1050	105.1	6.99969E-001	1.37850E-005	0.00000E+000	7.00000E-001	8.23689E-004	10	...........	-327.56
	1051	105.2	6.90048E-001	1.22570E-005	0.00000E+000	6.90000E-001	8.39089E-004	10	...........	-327.56
	1052	105.3	6.79953E-001	1.09049E-005	0.00000E+000	6.80000E-001	8.29689E-004	10	...........	-327.56
	1053	105.4	6.70032E-001	1.08449E-005	0.00000E+000	6.70000E-001	8.33489E-004	10	...........	-327.56
	1054	105.5	6.59963E-001	9.88488E-006	0.00000E+000	6.60000E-001	8.30089E-004	10	...........	-327.56
	1055	105.6	6.50005E-001	9.33086E-006	0.00000E+000	6.50000E-001	8.28689E-004	10	...........	-327.56
	1056	105.7	6.39955E-001	8.49483E-006	0.00000E+000	6.40000E-001	8.36089E-004	10	...........	-327.56
	1057	105.8	6.30165E-001	7.97081E-006	0.00000E+000	6.30000E-001	8.27089E-004	10	...........	-327.56
	1058	105.9	6.19959E-001	7.12278E-006	0.00000E+000	6.20000E-001	8.41289E-004	10	...........	-327.56
	1059	106	6.09892E-001	6.43276E-006	0.00000E+000	6.10000E-001	8.38489E-004	10	...........	-327.56
	1060	106.1	5.99964E-001	5.59072E-006	0.00000E+000	6.00000E-001	8.33489E-004	10	...........	-327.56
	1061	106.2	5.89973E-001	5.46472E-006	0.00000E+000	5.90000E-001	8.37689E-004	10	...........	-327.56
	1062	106.3	5.79845E-001	5.44672E-006	0.00000E+000	5.80000E-001	8.31089E-004	10	...........	-327.56
	1063	106.4	5.69921E-001	4.64869E-006	0.00000E+000	5.70000E-001	8.33889E-004	10	...........	-327.56
	1064	106.5	5.59925E-001	4.33268E-006	0.00000E+000	5.60000E-001	8.30489E-004	10	...........	-327.56
	1065	106.6	5.49969E-001	3.92666E-006	0.00000E+000	5.50000E-001	8.43089E-004	10	...........	-327.56
	1066	106.7	5.39871E-001	3.91266E-006	0.00000E+000	5.40000E-001	8.35689E-004	10	...........	-327.56
	1067	106.8	5.29793E-001	3.55065E-006	0.00000E+000	5.30000E-001	8.30889E-004	10	...........	-327.56
	1068	106.9	5.19940E-001	3.66265E-006	0.00000E+000	5.20000E-001	8.31089E-004	10	...........	-327.56
	1069	107	5.09947E-001	2.89462E-006	0.00000E+000	5.10000E-001	8.40089E-004	10	...........	-327.56
	1070	107.1	4.99746E-001	2.76662E-006	0.00000E+000	5.00000E-001	8.31889E-004	10	...........	-327.56
	1071	107.2	4.89883E-001	2.64861E-006	0.00000E+000	4.90000E-001	8.27489E-004	10	...........	-327.56
	1072	107.3	4.79935E-001	2.26460E-006	0.00000E+000	4.80000E-001	8.41289E-004	10	...........	-327.56
	1073	107.4	4.69978E-001	2.16660E-006	0.00000E+000	4.70000E-001	8.35089E-004	10	...........	-327.56
	1074	107.5	4.59892E-001	2.11059E-006	0.00000E+000	4.60000E-001	8.41089E-004	10	...........	-327.56
	1075	107.6	4.49811E-001	2.05859E-006	0.00000E+000	4.50000E-001	8.34289E-004	10	...........	-327.56
	1076	107.7	4.39952E-001	1.75058E-006	0.00000E+000	4.40000E-001	8.37489E-004	10	...........	-327.56
	1077	107.8	4.29968E-001	1.53657E-006	0.00000E+000	4.30000E-001	8.29889E-004	10	...........	-327.56
	1078	107.9	4.19962E-001	1.30656E-006	0.00000E+000	4.20000E-001	8.34489E-004	10	...........	-327.56
	1079	108	4.09895E-001	9.08550E-007	0.00000E+000	4.10000E-001	8.37489E-004	10	...........	-327.56
	1080	108.1	3.99849E-001	1.20056E-006	0.00000E+000	4.00000E-001	8.44289E-004	10	...........	-327.56
	1081	108.2	3.89999E-001	8.20546E-007	0.00000E+000	3.90000E-001	8.37689E-004	10	...........	-327.56
	1082	108.3	3.79941E-001	8.32547E-007	0.00000E+000	3.80000E-001	8.30089E-004	10	...........	-327.56
	1083	108.4	3.69985E-001	1.00255E-006	0.00000E+000	3.70000E-001	8.40489E-004	10	...........	-327.56
	1084	108.5	3.59959E-001	4.48533E-007	0.00000E+000	3.60000E-001	8.37089E-004	10	...........	-327.56
	1085	108.6	3.49964E-001	6.12539E-007	0.00000E+000	3.50000E-001	8.29289E-004	10	...........	-327.56
	1086	108.7	3.39971E-001	3.78530E-007	0.00000E+000	3.40000E-001	8.35489E-004	10	...........	-327.56
	1087	108.8	3.29883E-001	3.56529E-007	0.00000E+000	3.30000E-001	8.28889E-004	10	...........	-327.56
	1088	108.9	3.19986E-001	2.50525E-007	0.00000E+000	3.20000E-001	8.36489E-004	10	...........	-327.56
	1089	109	3.10022E-001	1.40521E-007	0.00000E+000	3.10000E-001	8.36489E-004	10	...........	-327.56
	1090	109.1	2.99941E-001	1.78523E-007	0.00000E+000	3.00000E-001	8.32889E-004	10	...........	-327.56
	1091	109.2	2.89989E-001	-1.01488E-007	0.00000E+000	2.90000E-001	8.32289E-004	10	...........	-327.56
	1092	109.3	2.79962E-001	-2.43493E-007	0.00000E+000	2.80000E-001	8.34089E-004	10	...........	-327.56
	1093	109.4	2.69949E-001	-3.19496E-007	0.00000E+000	2.70000E-001	8.37889E-004	10	...........	-327.56
	1094	109.5	2.59975E-001	-6.77509E-007	0.00000E+000	2.60000E-001	8.28689E-004	10	...........	-327.56
	1095	109.6	2.49886E-001	-4.95503E-007	0.00000E+000	2.50000E-001	8.34089E-004	10	...........	-327.56
	1096	109.7	2.39979E-001	-6.49508E-007	0.00000E+000	2.40000E-001	8.38489E-004	10	...........	-327.56
	1097	109.8	2.30079E-001	-8.81517E-007	0.00000E+000	2.30000E-001	8.34089E-004	10	...........	-327.56
	1098	109.9	2.19919E-001	-7.17511E-007	0.00000E+000	2.20000E-001	8.39289E-004	10	...........	-327.56
	1099	110	2.09975E-001	-7.83513E-007	0.00000E+000	2.10000E-001	8.28089E-004	10	...........	-327.56
	1100	110.1	1.99930E-001	-9.63520E-007	0.00000E+000	2.00000E-001	8.35689E-004	10	...........	-327.56
	1101	110.2	1.89994E-001	-1.44354E-006	0.00000E+000	1.90000E-001	8.42689E-004	10	...........	-327.56
	1102	110.3	1.79942E-001	-1.23753E-006	0.00000E+000	1.80000E-001	8.36089E-004	10	...........	-327.56
	1103	110.4	1.69859E-001	-1.42354E-006	0.00000E+000	1.70000E-001	8.43089E-004	10	...........	-327.56
	1104	110.5	1.59974E-001	-1.94356E-006	0.00000E+000	1.60000E-001	8.34889E-004	10	...........	-327.56
	1105	110.6	1.50034E-001	-2.41157E-006	0.00000E+000	1.50000E-001	8.38889E-004	10	...........	-327.56
	1106	110.7	1.39987E-001	-1.87355E-006	0.00000E+000	1.40000E-001	8.35889E-004	10	...........	-327.56
	1107	110.8	1.29971E-001	-2.63158E-006	0.00000E+000	1.30000E-001	8.37089E-004	10	...........	-327.56
	1108	110.9	1.19945E-001	-3.17560E-006	0.00000E+000	1.20000E-001	8.28089E-004	10	...........	-327.56
	1109	111	1.10002E-001	-3.69562E-006	0.00000E+000	1.10000E-001	8.41289E-004	10	...........	-327.56
	1110	111.1	9.99452E-002	-4.78766E-006	0.00000E+000	1.00000E-001	8.34889E-004	10	...........	-327.56
	1111	111.2	9.02635E-002	-5.01167E-006	0.00000E+000	9.00000E-002	8.36489E-004	10	...........	-327.56
	1112	111.3	7.99639E-002	-5.51569E-006	0.00000E+000	8.00000E-002	8.37689E-004	10	...........	-327.56
	1113	111.4	7.00975E-002	-5.83570E-006	0.00000E+000	7.00000E-002	8.39689E-004	10	...........	-327.56
	1114	111.5	6.00083E-002	-6.75974E-006	0.00000E+000	6.00000E-002	8.38889E-004	10	...........	-327.56
	1115	111.6	5.00339E-002	-6.59773E-006	0.00000E+000	5.00000E-002	8.33689E-004	10	...........	-327.56
	1116	111.7	3.99184E-002	-6.77574E-006	0.00000E+000	4.00000E-002	8.44089E-004	10	...........	-327.56
	1117	111.8	3.00498E-002	-7.36576E-006	0.00000E+000	3.00000E-002	8.34689E-004	10	...........	-327.56
	1118	111.9	1.99341E-002	-8.09579E-006	0.00000E+000	2.00000E-002	8.27689E-004	10	...........	-327.56
	1119	112	1.00037E-002	-8.37380E-006	0.00000E+000	1.00000E-002	8.38089E-004	10	...........	-327.56
	1120	112.1	-7.96192E-005	-8.67581E-006	0.00000E+000	0.00000E+000	8.30289E-004	10	...........	-327.56
	1121	112.2	-1.00216E-002	-9.58384E-006	0.00000E+000	-1.00000E-002	8.39089E-004	10	...........	-327.56
	1122	112.3	-2.00778E-002	-9.86185E-006	0.00000E+000	-2.00000E-002	8.38889E-004	10	...........	-327.56
	1123	112.4	-3.01376E-002	-9.96386E-006	0.00000E+000	-3.00000E-002	8.37889E-004	10	...........	-327.56
	1124	112.5	-4.00584E-002	-1.10079E-005	0.00000E+000	-4.00000E-002	8.34689E-004	10	...........	-327.56
	1125	112.6	-5.00253E-002	-1.09519E-005	0.00000E+000	-5.00000E-002	8.46489E-004	10	...........	-327.56
	1126	112.7	-6.01570E-002	-1.15739E-005	0.00000E+000	-6.00000E-002	8.44689E-004	10	...........	-327.56
	1127	112.8	-7.00842E-002	-1.28200E-005	0.00000E+000	-7.00000E-002	8.32889E-004	10	...........	-327.56
	1128	112.9	-8.00991E-002	-1.34040E-005	0.00000E+000	-8.00000E-002	8.39489E-004	10	...........	-327.56
	1129	113	-8.99940E-002	-1.34600E-005	0.00000E+000	-9.00000E-002	8.36889E-004	10	...........	-327.56
	1130	113.1	-1.00118E-001	-1.41300E-005	0.00000E+000	-1.00000E-001	8.37889E-004	10	...........	-327.56
	1131	113.2	-1.10101E-001	-1.52201E-005	0.00000E+000	-1.10000E-001	8.40489E-004	10	...........	-327.56
	1132	113.3	-1.20045E-001	-1.53801E-005	0.00000E+000	-1.20000E-001	8.29889E-004	10	...........	-327.56
	1133	113.4	-1.30010E-001	-1.62801E-005	0.00000E+000	-1.30000E-001	8.44289E-004	10	...........	-327.56
	1134	113.5	-1.40060E-001	-1.82122E-005	0.00000E+000	-1.40000E-001	8.35289E-004	10	...........	-327.56
	1135	113.6	-1.50019E-001	-1.89962E-005	0.00000E+000	-1.50000E-001	8.40889E-004	10	...........	-327.56
	1136	113.7	-1.60058E-001	-2.01802E-005	0.00000E+000	-1.60000E-001	8.39889E-004	10	...........	-327.56
	1137	113.8	-1.70017E-001	-2.05002E-005	0.00000E+000	-1.70000E-001	8.37889E-004	10	...........	-327.56
	1138	113.9	-1.80058E-001	-2.18563E-005	0.00000E+000	-1.80000E-001	8.39889E-004	10	...........	-327.56
	1139	114	-1.90130E-001	-2.25683E-005	0.00000E+000	-1.90000E-001	8.31089E-004	10	...........	-327.56
	1140	114.1	-2.00039E-001	-2.33464E-005	0.00000E+000	-2.00000E-001	8.36089E-004	10	...........	-327.56
	1141	114.2	-2.10027E-001	-2.47564E-005	0.00000E+000	-2.10000E-001	8.38089E-004	10	...........	-327.56
	1142	114.3	-2.20035E-001	-2.46064E-005	0.00000E+000	-2.20000E-001	8.37089E-004	10	...........	-327.56
	1143	114.4	-2.30089E-001	-2.52264E-005	0.00000E+000	-2.30000E-001	8.40089E-004	10	...........	-327.56
	1144	114.5	-2.40268E-001	-2.67545E-005	0.00000E+000	-2.40000E-001	8.45089E-004	10	...........	-327.56
	1145	114.6	-2.50035E-001	-2.72185E-005	0.00000E+000	-2.50000E-001	8.28489E-004	10	...........	-327.56
	1146	114.7	-2.60171E-001	-2.81045E-005	0.00000E+000	-2.60000E-001	8.47089E-004	10	...........	-327.56
	1147	114.8	-2.70034E-001	-2.85726E-005	0.00000E+000	-2.70000E-001	8.39689E-004	10	...........	-327.56
	1148	114.9	-2.80096E-001	-3.05566E-005	0.00000E+000	-2.80000E-001	8.33289E-004	10	...........	-327.56
	1149	115	-2.90084E-001	-3.05866E-005	0.00000E+000	-2.90000E-001	8.43889E-004	10	...........	-327.56
	1150	115.1	-3.00051E-001	-3.12947E-005	0.00000E+000	-3.00000E-001	8.38489E-004	10	...........	-327.56
	1151	115.2	-3.10144E-001	-3.19507E-005	0.00000E+000	-3.10000E-001	8.43089E-004	10	...........	-327.56
	1152	115.3	-3.19984E-001	-3.21827E-005	0.00000E+000	-3.20000E-001	8.40689E-004	10	...........	-327.56
	1153	115.4	-3.30026E-001	-3.24287E-005	0.00000E+000	-3.30000E-001	8.37089E-004	10	...........	-327.56
	1154	115.5	-3.39944E-001	-3.23627E-005	0.00000E+000	-3.40000E-001	8.42289E-004	10	...........	-327.56
	1155	115.6	-3.50027E-001	-3.24607E-005	0.00000E+000	-3.50000E-001	8.33289E-004	10	...........	-327.56
	1156	115.7	-3.60062E-001	-3.25787E-005	0.00000E+000	-3.60000E-001	8.41089E-004	10	...........	-327.56
	1157	115.8	-3.70079E-001	-3.27327E-005	0.00000E+000	-3.70000E-001	8.37489E-004	10	...........	-327.56
	1158	115.9	-3.80039E-001	-3.31267E-005	0.00000E+000	-3.80000E-001	8.35289E-004	10	...........	-327.56
	1159	116	-3.90124E-001	-3.36047E-005	0.00000E+000	-3.90000E-001	8.42089E-004	10	...........	-327.56
	1160	116.1	-4.00032E-001	-3.42648E-005	0.00000E+000	-4.00000E-001	8.37689E-004	10	...........	-327.56
	1161	116.2	-4.10025E-001	-3.42788E-005	0.00000E+000	-4.10000E-001	8.46889E-004	10	...........	-327.56
	1162	116.3	-4.19860E-001	-3.43948E-005	0.00000E+000	-4.20000E-001	8.37489E-004	10	...........	-327.56
	1163	116.4	-4.30042E-001	-3.44468E-005	0.00000E+000	-4.30000E-001	8.36289E-004	10	...........	-327.56
	1164	116.5	-4.40043E-001	-3.53028E-005	0.00000E+000	-4.40000E-001	8.41089E-004	10	...........	-327.56
	1165	116.6	-4.49964E-001	-3.52568E-005	0.00000E+000	-4.50000E-001	8.49289E-004	10	...........	-327.56
	1166	116.7	-4.60033E-001	-3.49948E-005	0.00000E+000	-4.60000E-001	8.36289E-004	10	...........	-327.56
	1167	116.8	-4.70093E-001	-3.55548E-005	0.00000E+000	-4.70000E-001	8.31489E-004	10	...........	-327.56
	1168	116.9	-4.80027E-001	-3.64788E-005	0.00000E+000	-4.80000E-001	8.42489E-004	10	...........	-327.56
	1169	117	-4.90015E-001	-3.59988E-005	0.00000E+000	-4.90000E-001	8.28889E-004	10	...........	-327.56
	1170	117.1	-5.00001E-001	-3.44808E-005	0.00000E+000	-5.00000E-001	8.34089E-004	10	...........	-327.56
	1171	117.2	-5.10068E-001	-3.59588E-005	0.00000E+000	-5.10000E-001	8.34889E-004	10	...........	-327.56
	1172	117.3	-5.20047E-001	-3.48488E-005	0.00000E+000	-5.20000E-001	8.45089E-004	10	...........	-327.56
	1173	117.4	-5.29986E-001	-3.45968E-005	0.00000E+000	-5.30000E-001	8.25689E-004	10	...........	-327.56
	1174	117.5	-5.39983E-001	-3.53328E-005	0.00000E+000	-5.40000E-001	8.42289E-004	10	...........	-327.56
	1175	117.6	-5.49959E-001	-3.37887E-005	0.00000E+000	-5.50000E-001	8.35889E-004	10	...........	-327.56
	1176	117.7	-5.60027E-001	-3.36667E-005	0.00000E+000	-5.60000E-001	8.28689E-004	10	...........	-327.56
	1177	117.8	-5.70017E-001	-3.46668E-005	0.00000E+000	-5.70000E-001	8.45289E-004	10	...........	-327.56
	1178	117.9	-5.79985E-001	-3.45468E-005	0.00000E+000	-5.80000E-001	8.36689E-004	10	...........	-327.56
	1179	118	-5.90036E-001	-3.43188E-005	0.00000E+000	-5.90000E-001	8.35689E-004	10	...........	-327.56
	1180	118.1	-6.00138E-001	-3.44808E-005	0.00000E+000	-6.00000E-001	8.33889E-004	10	...........	-327.56
	1181	118.2	-6.10009E-001	-3.44288E-005	0.00000E+000	-6.10000E-001	8.45889E-004	10	...........	-327.56
	1182	118.3	-6.20021E-001	-3.47888E-005	0.00000E+000	-6.20000E-001	8.38689E-004	10	...........	-327.56
	1183	118.4	-6.30018E-001	-3.42888E-005	0.00000E+000	-6.30000E-001	8.48489E-004	10	...........	-327.56
	1184	118.5	-6.40048E-001	-3.48928E-005	0.00000E+000	-6.40000E-001	8.43089E-004	10	...........	-327.56
	1185	118.6	-6.50014E-001	-3.49568E-005	0.00000E+000	-6.50000E-001	8.36889E-004	10	...........	-327.56
	1186	118.7	-6.59996E-001	-3.60148E-005	0.00000E+000	-6.60000E-001	8.40089E-004	10	...........	-327.56
	1187	118.8	-6.70078E-001	-3.56228E-005	0.00000E+000	-6.70000E-001	8.27889E-004	10	...........	-327.56
	1188	118.9	-6.80013E-001	-3.63388E-005	0.00000E+000	-6.80000E-001	8.39889E-004	10	...........	-327.56
	1189	119	-6.90011E-001	-3.77669E-005	0.00000E+000	-6.90000E-001	8.37489E-004	10	...........	-327.56
	1190	119.1	-6.99980E-001	-3.88049E-005	0.00000E+000	-7.00000E-001	8.30889E-004	10	...........	-327.56
	1191	119.2	-7.10039E-001	-3.99470E-005	0.00000E+000	-7.10000E-001	8.40889E-004	10	...........	-327.56
	1192	119.3	-7.20070E-001	-4.09790E-005	0.00000E+000	-7.20000E-001	8.43889E-004	10	...........	-327.56
	1193	119.4	-7.29941E-001	-4.11450E-005	0.00000E+000	-7.30000E-001	8.31289E-004	10	...........	-327.56
	1194	119.5	-7.40029E-001	-4.23751E-005	0.00000E+000	-7.40000E-001	8.39889E-004	10	...........	-327.56
	1195	119.6	-7.50119E-001	-4.21411E-005	0.00000E+000	-7.50000E-001	8.43089E-004	10	...........	-327.56
	1196	119.7	-7.60027E-001	-4.24171E-005	0.00000E+000	-7.60000E-001	8.38889E-004	10	...........	-327.56
	1197	119.8	-7.70032E-001	-4.33231E-005	0.00000E+000	-7.70000E-001	8.39289E-004	10	...........	-327.56
	1198	119.9	-7.80245E-001	-4.40411E-005	0.00000E+000	-7.80000E-001	8.38489E-004	10	...........	-327.56
	1199	120	-7.90080E-001	-4.59952E-005	0.00000E+000	-7.90000E-001	8.43489E-004	10	...........	-327.56
	1200	120.1	-8.00072E-001	-4.65632E-005	0.00000E+000	-8.00000E-001	8.35689E-004	10	...........	-327.56
CURVE5	TABLE
	Pt	T	Vf	Im	Vu	Sig	Ach	IERange	Over	Temp
	#	s	V vs. Ref.	A	V	V	V	#	bits	deg C
	1201	120.2	-7.90093E-001	-4.21971E-005	0.00000E+000	-7.90000E-001	8.44089E-004	10	...........	-327.56
	1202	120.3	-7.79950E-001	-3.80849E-005	0.00000E+000	-7.80000E-001	8.33289E-004	10	...........	-327.56
	1203	120.4	-7.70021E-001	-3.49748E-005	0.00000E+000	-7.70000E-001	8.44089E-004	10	...........	-327.56
	1204	120.5	-7.60000E-001	-3.24467E-005	0.00000E+000	-7.60000E-001	8.36489E-004	10	...........	-327.56
	1205	120.6	-7.50123E-001	-3.12767E-005	0.00000E+000	-7.50000E-001	8.32489E-004	10	...........	-327.56
	1206	120.7	-7.40054E-001	-2.85806E-005	0.00000E+000	-7.40000E-001	8.40889E-004	10	...........	-327.56
	1207	120.8	-7.29973E-001	-2.60585E-005	0.00000E+000	-7.30000E-001	8.42489E-004	10	...........	-327.56
	1208	120.9	-7.20050E-001	-2.41084E-005	0.00000E+000	-7.20000E-001	8.39289E-004	10	...........	-327.56
	1209	121	-7.10010E-001	-2.25923E-005	0.00000E+000	-7.10000E-001	8.41089E-004	10	...........	-327.56
	1210	121.1	-7.00030E-001	-2.14303E-005	0.00000E+000	-7.00000E-001	8.34089E-004	10	...........	-327.56
	1211	121.2	-6.89940E-001	-2.04122E-005	0.00000E+000	-6.90000E-001	8.40089E-004	10	...........	-327.56
	1212	121.3	-6.80022E-001	-1.91322E-005	0.00000E+000	-6.80000E-001	8.41489E-004	10	...........	-327.56
	1213	121.4	-6.70022E-001	-1.84502E-005	0.00000E+000	-6.70000E-001	8.42489E-004	10	...........	-327.56
	1214	121.5	-6.60030E-001	-1.72241E-005	0.00000E+000	-6.60000E-001	8.46889E-004	10	...........	-327.56
	1215	121.6	-6.50012E-001	-1.56021E-005	0.00000E+000	-6.50000E-001	8.48489E-004	10	...........	-327.56
	1216	121.7	-6.40056E-001	-1.51580E-005	0.00000E+000	-6.40000E-001	8.27289E-004	10	...........	-327.56
	1217	121.8	-6.30027E-001	-1.43060E-005	0.00000E+000	-6.30000E-001	8.38289E-004	10	...........	-327.56
	1218	121.9	-6.20128E-001	-1.38040E-005	0.00000E+000	-6.20000E-001	8.40689E-004	10	...........	-327.56
	1219	122	-6.10015E-001	-1.34220E-005	0.00000E+000	-6.10000E-001	8.33889E-004	10	...........	-327.56
	1220	122.1	-6.00299E-001	-1.26300E-005	0.00000E+000	-6.00000E-001	8.46289E-004	10	...........	-327.56
	1221	122.2	-5.90124E-001	-1.28020E-005	0.00000E+000	-5.90000E-001	8.33889E-004	10	...........	-327.56
	1222	122.3	-5.80018E-001	-1.27820E-005	0.00000E+000	-5.80000E-001	8.38489E-004	10	...........	-327.56
	1223	122.4	-5.70042E-001	-1.26280E-005	0.00000E+000	-5.70000E-001	8.40889E-004	10	...........	-327.56
	1224	122.5	-5.60043E-001	-1.18539E-005	0.00000E+000	-5.60000E-001	8.33689E-004	10	...........	-327.56
	1225	122.6	-5.50043E-001	-1.17279E-005	0.00000E+000	-5.50000E-001	8.44889E-004	10	...........	-327.56
	1226	122.7	-5.40072E-001	-1.08919E-005	0.00000E+000	-5.40000E-001	8.37889E-004	10	...........	-327.56
	1227	122.8	-5.30011E-001	-1.05659E-005	0.00000E+000	-5.30000E-001	8.37489E-004	10	...........	-327.56
	1228	122.9	-5.20212E-001	-1.04539E-005	0.00000E+000	-5.20000E-001	8.42489E-004	10	...........	-327.56
	1229	123	-5.10116E-001	-1.04979E-005	0.00000E+000	-5.10000E-001	8.34289E-004	10	...........	-327.56
	1230	123.1	-5.00017E-001	-1.07539E-005	0.00000E+000	-5.00000E-001	8.41689E-004	10	...........	-327.56
	1231	123.2	-4.90024E-001	-9.91385E-006	0.00000E+000	-4.90000E-001	8.43889E-004	10	...........	-327.56
	1232	123.3	-4.80047E-001	-1.00579E-005	0.00000E+000	-4.80000E-001	8.40689E-004	10	...........	-327.56
	1233	123.4	-4.70142E-001	-9.54784E-006	0.00000E+000	-4.70000E-001	8.30289E-004	10	...........	-327.56
	1234	123.5	-4.60122E-001	-9.65785E-006	0.00000E+000	-4.60000E-001	8.39689E-004	10	...........	-327.56
	1235	123.6	-4.49992E-001	-9.02382E-006	0.00000E+000	-4.50000E-001	8.38289E-004	10	...........	-327.56
	1236	123.7	-4.40083E-001	-8.67981E-006	0.00000E+000	-4.40000E-001	8.36089E-004	10	...........	-327.56
	1237	123.8	-4.30045E-001	-8.32580E-006	0.00000E+000	-4.30000E-001	8.37089E-004	10	...........	-327.56
	1238	123.9	-4.19846E-001	-8.02578E-006	0.00000E+000	-4.20000E-001	8.42489E-004	10	...........	-327.56
	1239	124	-4.09982E-001	-7.62177E-006	0.00000E+000	-4.10000E-001	8.37089E-004	10	...........	-327.56
	1240	124.1	-4.00026E-001	-7.72577E-006	0.00000E+000	-4.00000E-001	8.43089E-004	10	...........	-327.56
	1241	124.2	-3.90074E-001	-7.40376E-006	0.00000E+000	-3.90000E-001	8.40889E-004	10	...........	-327.56
	1242	124.3	-3.80046E-001	-6.84774E-006	0.00000E+000	-3.80000E-001	8.41489E-004	10	...........	-327.56
	1243	124.4	-3.69997E-001	-6.73174E-006	0.00000E+000	-3.70000E-001	8.37089E-004	10	...........	-327.56
	1244	124.5	-3.60057E-001	-5.95771E-006	0.00000E+000	-3.60000E-001	8.40089E-004	10	...........	-327.56
	1245	124.6	-3.50033E-001	-4.80166E-006	0.00000E+000	-3.50000E-001	8.34889E-004	10	...........	-327.56
	1246	124.7	-3.39960E-001	-4.65366E-006	0.00000E+000	-3.40000E-001	8.42289E-004	10	...........	-327.56
	1247	124.8	-3.30014E-001	-3.84763E-006	0.00000E+000	-3.30000E-001	8.38689E-004	10	...........	-327.56
	1248	124.9	-3.20016E-001	-3.74362E-006	0.00000E+000	-3.20000E-001	8.40289E-004	10	...........	-327.56
	1249	125	-3.10074E-001	-3.27561E-006	0.00000E+000	-3.10000E-001	8.42289E-004	10	...........	-327.56
	1250	125.1	-3.00049E-001	-2.44958E-006	0.00000E+000	-3.00000E-001	8.33489E-004	10	...........	-327.56
	1251	125.2	-2.90086E-001	-2.35557E-006	0.00000E+000	-2.90000E-001	8.43889E-004	10	...........	-327.56
	1252	125.3	-2.80075E-001	-1.09553E-006	0.00000E+000	-2.80000E-001	8.34089E-004	10	...........	-327.56
	1253	125.4	-2.70057E-001	-7.43512E-007	0.00000E+000	-2.70000E-001	8.26089E-004	10	...........	-327.56
	1254	125.5	-2.60088E-001	-8.83517E-007	0.00000E+000	-2.60000E-001	8.42489E-004	10	...........	-327.56
	1255	125.6	-2.50042E-001	-4.33500E-007	0.00000E+000	-2.50000E-001	8.36689E-004	10	...........	-327.56
	1256	125.7	-2.40152E-001	-1.77491E-007	0.00000E+000	-2.40000E-001	8.38089E-004	10	...........	-327.56
	1257	125.8	-2.30137E-001	1.74522E-007	0.00000E+000	-2.30000E-001	8.41489E-004	10	...........	-327.56
	1258	125.9	-2.20062E-001	7.30543E-007	0.00000E+000	-2.20000E-001	8.34089E-004	10	...........	-327.56
	1259	126	-2.10076E-001	9.10550E-007	0.00000E+000	-2.10000E-001	8.33289E-004	10	...........	-327.56
	1260	126.1	-2.00072E-001	1.58858E-006	0.00000E+000	-2.00000E-001	8.39289E-004	10	...........	-327.56
	1261	126.2	-1.90191E-001	2.46061E-006	0.00000E+000	-1.90000E-001	8.28489E-004	10	...........	-327.56
	1262	126.3	-1.80118E-001	3.26664E-006	0.00000E+000	-1.80000E-001	8.40689E-004	10	...........	-327.56
	1263	126.4	-1.70035E-001	3.94666E-006	0.00000E+000	-1.70000E-001	8.38889E-004	10	...........	-327.56
	1264	126.5	-1.60097E-001	4.18267E-006	0.00000E+000	-1.60000E-001	8.36689E-004	10	...........	-327.56
	1265	126.6	-1.50097E-001	4.74669E-006	0.00000E+000	-1.50000E-001	8.35289E-004	10	...........	-327.56
	1266	126.7	-1.40186E-001	5.13671E-006	0.00000E+000	-1.40000E-001	8.35689E-004	10	...........	-327.56
	1267	126.8	-1.30018E-001	6.16675E-006	0.00000E+000	-1.30000E-001	8.49689E-004	10	...........	-327.56
	1268	126.9	-1.20031E-001	7.24679E-006	0.00000E+000	-1.20000E-001	8.33489E-004	10	...........	-327.56
	1269	127	-1.10084E-001	7.43279E-006	0.00000E+000	-1.10000E-001	8.42889E-004	10	...........	-327.56
	1270	127.1	-1.00063E-001	7.85881E-006	0.00000E+000	-1.00000E-001	8.29689E-004	10	...........	-327.56
	1271	127.2	-9.00113E-002	8.70884E-006	0.00000E+000	-9.00000E-002	8.37289E-004	10	...........	-327.56
	1272	127.3	-8.00594E-002	9.05085E-006	0.00000E+000	-8.00000E-002	8.31089E-004	10	...........	-327.56
	1273	127.4	-7.00520E-002	9.48687E-006	0.00000E+000	-7.00000E-002	8.36689E-004	10	...........	-327.56
	1274	127.5	-6.00605E-002	1.03729E-005	0.00000E+000	-6.00000E-002	8.38489E-004	10	...........	-327.56
	1275	127.6	-5.00350E-002	1.04829E-005	0.00000E+000	-5.00000E-002	8.37689E-004	10	...........	-327.56
	1276	127.7	-4.00276E-002	1.10769E-005	0.00000E+000	-4.00000E-002	8.43289E-004	10	...........	-327.56
	1277	127.8	-3.00505E-002	1.11629E-005	0.00000E+000	-3.00000E-002	8.42489E-004	10	...........	-327.56
	1278	127.9	-2.00413E-002	1.15869E-005	0.00000E+000	-2.00000E-002	8.33689E-004	10	...........	-327.56
	1279	128	-1.00899E-002	1.18950E-005	0.00000E+000	-1.00000E-002	8.33489E-004	10	...........	-327.56
	1280	128.1	-6.51192E-005	1.21630E-005	0.00000E+000	0.00000E+000	8.28489E-004	10	...........	-327.56
